bench,addr,alloc_size,alloc_type,generation,stores,unique_offsets,stores_per_byte
blender,0x52f1c80,4096,object,2,2073604.0,4096,506.25
blender,0x6182060,8294408,64bits,4,2073601.0,1036801,0.25
blender,0x5f7c4c0,2073608,object,9,2073601.0,2073601,1.0
blender,0x5598060,8294408,64bits,1,1036801.0,1036801,0.13
blender,0x5d82060,2073608,32bits,1,777601.0,518401,0.37
blender,0x535e380,983048,32bits,11,307201.0,184321,0.31
blender,0x535e380,983048,32bits,12,307201.0,184321,0.31
blender,0x535e380,983048,32bits,6,307201.0,184321,0.31
blender,0x535e380,983048,32bits,8,307201.0,184321,0.31
blender,0x535e380,983048,32bits,13,307201.0,184321,0.31
blender,0x535e380,983048,32bits,10,307201.0,184321,0.31
blender,0x535e380,983048,32bits,9,307201.0,184321,0.31
blender,0x535e380,983048,32bits,7,307201.0,184321,0.31
blender,0x5570aa0,73992,32bits,2,199713.0,18497,2.7
blender,0x53005a0,73992,32bits,1,198645.0,18497,2.68
blender,0x535e380,73992,32bits,5,198585.0,18497,2.68
blender,0x523f020,73992,32bits,3,198509.0,18497,2.68
blender,0x5290740,73992,32bits,3,197699.0,18497,2.67
blender,0x53704e0,73992,32bits,2,196079.0,18497,2.65
blender,0x522cea0,73992,32bits,2,196041.0,18497,2.65
bwaves,0xf709060,24601600,64bits,1,67654400.0,3075200,2.75
bwaves,0x992d060,24601600,64bits,1,67654400.0,3075200,2.75
bwaves,0x10e80060,24601600,64bits,1,67654400.0,3075200,2.75
bwaves,0x52c8060,24601600,64bits,1,67654400.0,3075200,2.75
bwaves,0xdf92060,24601600,64bits,1,67654400.0,3075200,2.75
bwaves,0xb0a4060,24601600,64bits,1,67654400.0,3075200,2.75
bwaves,0xc81b060,24601600,64bits,1,67654400.0,3075200,2.75
bwaves,0x16cba060,24986000,64bits,1,62465000.0,3123250,2.5
bwaves,0x154e5060,24986000,64bits,1,62465000.0,3123250,2.5
bwaves,0x6a3f060,24601600,64bits,1,61504000.0,3075200,2.5
bwaves,0x13d6e060,24601600,64bits,1,61504000.0,3075200,2.5
bwaves,0x125f7060,24601600,64bits,1,61504000.0,3075200,2.5
bwaves,0x81b6060,24601600,64bits,1,61504000.0,3075200,2.5
bwaves,0x1848f060,4997200,64bits,1,53104860.0,624650,10.63
bwaves,0x1cf6b060,4997200,64bits,10,16106360.0,624650,3.22
bwaves,0x1bd1d060,5074080,64bits,1,13931450.0,634260,2.75
bwaves,0x1cf6b060,4997200,64bits,7,13626980.0,624650,2.73
bwaves,0x1cf6b060,4997200,64bits,8,13626980.0,624650,2.73
bwaves,0x1cf6b060,4997200,64bits,9,13626980.0,624650,2.73
bwaves,0x1c1f4060,4920320,64bits,1,13530880.0,615040,2.75
cactus,0x8eb97c0,592711,64bits,1,5836968.0,74088,9.85
cactus,0x946bac0,592711,64bits,1,5836968.0,74088,9.85
cactus,0x8e28c00,592711,64bits,1,5836968.0,74088,9.85
cactus,0x9ab97c0,592711,64bits,1,5836968.0,74088,9.85
cactus,0x9628c00,592711,64bits,1,5836968.0,74088,9.85
cactus,0x906bac0,592711,64bits,1,5836968.0,74088,9.85
cactus,0x9598060,592711,64bits,1,5836968.0,74088,9.85
cactus,0x9228c00,592711,64bits,1,5836968.0,74088,9.85
cactus,0x93daf20,592711,64bits,1,5836968.0,74088,9.85
cactus,0x97daf20,592711,64bits,1,5836968.0,74088,9.85
cactus,0x94fc680,592711,64bits,1,5836968.0,74088,9.85
cactus,0x8d98060,592711,64bits,1,5836968.0,74088,9.85
cactus,0x934a360,592711,64bits,1,5836968.0,74088,9.85
cactus,0x90fc680,592711,64bits,1,5836968.0,74088,9.85
cactus,0x9a28c00,592711,64bits,1,5836968.0,74088,9.85
cactus,0x8fdaf20,592711,64bits,1,5836968.0,74088,9.85
cactus,0x9198060,592711,64bits,1,5836968.0,74088,9.85
cactus,0x9b4a360,592711,64bits,1,5836968.0,74088,9.85
cactus,0x9998060,592711,64bits,1,5836968.0,74088,9.85
cactus,0x98fc680,592711,64bits,1,5836968.0,74088,9.85
cam4,0x2c818060,71027712,32bits,1,94479147.0,8906112,1.33
cam4,0x83bc060,2985984,64bits,1,20473344.0,373248,6.86
cam4,0x26432060,80621568,64bits,1,20155392.0,10077696,0.25
cam4,0x30bd5060,8957952,64bits,1,17971200.0,1119744,2.01
cam4,0x9bbc060,8626176,64bits,1,11992320.0,1078272,1.39
cam4,0x87bc060,2875392,64bits,1,11875968.0,359424,4.13
cam4,0x8fbc060,2985984,64bits,1,11570688.0,373248,3.88
cam4,0x97bc060,2875392,64bits,1,11170944.0,359424,3.89
cam4,0x4589c060,2875392,64bits,1,10782720.0,359424,3.75
cam4,0x4589c060,2875392,64bits,2,10782720.0,359424,3.75
cam4,0x458d7060,2875392,64bits,1,10782720.0,359424,3.75
cam4,0xef8d240,114464,64bits,1,9492704.0,13928,82.93
cam4,0xdbc3240,114464,64bits,1,9492704.0,13928,82.93
cam4,0xdbc3240,114464,64bits,8,9492704.0,13928,82.93
cam4,0xef8d240,114464,64bits,3,7989904.0,13928,69.8
cam4,0xdbc3240,114464,64bits,2,7989904.0,13928,69.8
cam4,0xdbc3240,114464,64bits,9,7989904.0,13928,69.8
cam4,0xdbc3240,114464,64bits,10,7989904.0,13928,69.8
cam4,0xdbc3240,114464,64bits,3,7989904.0,13928,69.8
cam4,0xef8d240,114464,64bits,2,7989904.0,13928,69.8
deepsjeng,0x4a4a060,720000000,object,1,223975970.0,107564320,0.31
exchange2,0x4ed5dc0,4176,32bits,1,3502.0,533,0.84
exchange2,0x4ed3b40,4176,32bits,1,1597.0,526,0.38
exchange2,0x4ed4c80,4176,32bits,1,1524.0,534,0.36
exchange2,0x4ed6300,4176,32bits,1,1157.0,525,0.28
exchange2,0x4ed3d60,4176,32bits,1,837.0,526,0.2
exchange2,0x4ecad20,8192,object,1,814.0,814,0.1
exchange2,0x4ed4c80,4176,32bits,2,763.0,528,0.18
exchange2,0x4ed2a20,4176,32bits,1,672.0,528,0.16
exchange2,0x4ed0480,4176,32bits,1,584.0,526,0.14
exchange2,0x4ed0600,8192,object,1,554.0,554,0.07
exchange2,0x4ed6ee0,4176,32bits,1,542.0,523,0.13
exchange2,0x4ec9160,4096,64bits,1,32.0,16,0.01
fotonik,0x24eea060,64756968,64bits,1,39422709.0,8094621,0.61
fotonik,0x211c1060,64128480,64bits,1,39342748.0,8016060,0.61
fotonik,0x1d4f0060,63768312,64bits,1,39297247.0,7971039,0.62
fotonik,0x19820060,63764480,64bits,1,38987008.0,7970560,0.61
fotonik,0x11f18060,63273984,64bits,1,38969256.0,7909248,0.62
fotonik,0x15b70060,63635184,64bits,1,38793046.0,7954398,0.61
fotonik,0xba10060,27072000,object,1,20304000.0,20304000,0.75
fotonik,0xa03e060,27072000,object,1,20304000.0,20304000,0.75
fotonik,0xd3e2060,27072000,object,1,20304000.0,20304000,0.75
fotonik,0x10666060,25890816,64bits,1,12945408.0,3236352,0.5
fotonik,0xedb4060,25890816,64bits,1,12945408.0,3236352,0.5
fotonik,0x866c060,27072000,32bits,1,6768000.0,6768000,0.25
fotonik,0x6c9a060,27072000,32bits,1,6768000.0,6768000,0.25
fotonik,0x52c8060,27072000,32bits,1,6768000.0,6768000,0.25
fotonik,0x4efd8e0,2447360,64bits,2,1510464.0,305920,0.62
fotonik,0xe472d80,2256000,64bits,1,1410000.0,282000,0.63
fotonik,0xb43e060,2471640,64bits,1,1285851.0,308955,0.52
fotonik,0xd6378c0,2447360,64bits,1,1284864.0,305920,0.53
fotonik,0xd3e2060,2447360,64bits,2,1284864.0,305920,0.53
fotonik,0xb03e060,2471640,64bits,1,1280251.0,308955,0.52
gcc,0x4cca620,65536,object,1,20063.0,9923,0.31
gcc,0x4cf0a80,65536,object,1,19550.0,8886,0.3
gcc,0x4bbce00,65536,object,1,19534.0,10502,0.3
gcc,0x4c33b60,65536,object,1,13897.0,10140,0.21
gcc,0x4ca91a0,65536,object,1,13740.0,10312,0.21
gcc,0x4c55800,65536,object,1,13078.0,9761,0.2
gcc,0x4cdafe0,65536,object,1,12693.0,7399,0.19
gcc,0x4cb9c60,65536,object,1,12546.0,8397,0.19
gcc,0x4c990a0,65536,object,1,12410.0,9190,0.19
gcc,0x4c661c0,65536,object,1,12386.0,8364,0.19
gcc,0x4c44e40,65536,object,1,12135.0,8322,0.19
gcc,0x4c76b80,65536,object,1,12112.0,8344,0.18
gcc,0x4c87620,65536,object,1,11921.0,8268,0.18
gcc,0x4d014a0,65536,object,1,10671.0,6479,0.16
gcc,0x4d11e60,65536,object,1,10099.0,7924,0.15
gcc,0x4d23f80,65536,object,1,10099.0,7924,0.15
gcc,0x4c231a0,65536,object,1,9208.0,6614,0.14
gcc,0x4d33fe0,65536,object,1,8504.0,5534,0.13
gcc,0x4c117a0,65536,object,1,7274.0,5429,0.11
gcc,0x4bff960,6000,object,1,3065.0,22,0.51
imagick,0x4bd43a0,2304071,object,1,1152001.0,864001,0.5
imagick,0x4e09ac0,15431,64bits,2,998401.0,1921,64.7
imagick,0x4bc4da0,4096,object,1,864018.0,4096,210.94
imagick,0x4e09ac0,11591,64bits,1,57601.0,1441,4.97
imagick,0x4bc6200,57671,object,1,28801.0,28801,0.5
imagick,0x4e06c60,7751,64bits,1,19201.0,961,2.48
imagick,0x4bbe9a0,13240,object,1,4088.0,1692,0.31
imagick,0x4bc89c0,5063,object,1,3007.0,2467,0.59
imagick,0x4bb1160,13240,object,2,2826.0,1691,0.21
imagick,0x4ba3740,16792,object,4,2228.0,2135,0.13
imagick,0x4bb1160,16792,object,3,2227.0,2135,0.13
imagick,0x4ba3740,16792,object,1,2208.0,2134,0.13
imagick,0x4b9f540,16792,object,1,2188.0,2131,0.13
imagick,0x4bb82c0,16792,object,2,2185.0,2131,0.13
imagick,0x4ba3740,16792,object,3,2185.0,2131,0.13
imagick,0x4ba3740,16792,object,2,2185.0,2131,0.13
imagick,0x4b9b340,16792,object,1,2124.0,2113,0.13
imagick,0x4bc2440,13240,object,1,1959.0,1691,0.15
imagick,0x4bb82c0,13240,object,4,1903.0,1691,0.14
imagick,0x4bb82c0,13240,object,3,1882.0,1691,0.14
lbm,0x4f99060,214400000,64bits,1,278100024.0,26800000,1.3
lbm,0x11c11060,214400000,64bits,1,278100024.0,26800000,1.3
lbm,0x4b99060,4096,object,1,581.0,581,0.14
leela,0x4eaa0a0,1048576,object,1,1179648.0,1048576,1.13
leela,0x4daa040,1048576,object,1,1179648.0,1048576,1.13
leela,0x5998060,3200000,32bits,1,874297.0,420736,0.27
leela,0x6598060,4135600,object,69,268422.0,264936,0.06
leela,0x6198060,4135600,object,77,268422.0,264936,0.06
leela,0x6198060,4135600,object,83,268422.0,264936,0.06
leela,0x6598060,4135600,object,67,267344.0,263872,0.06
leela,0x6598060,4118720,object,56,267344.0,263872,0.06
leela,0x6598060,4135600,object,68,267344.0,263872,0.06
leela,0x6598060,4118720,object,58,267344.0,263872,0.06
leela,0x6598060,4118720,object,64,267344.0,263872,0.06
leela,0x6598060,4118720,object,57,267344.0,263872,0.06
leela,0x6598060,4135600,object,71,266266.0,262808,0.06
leela,0x6598060,4135600,object,73,266266.0,262808,0.06
leela,0x6198060,4135600,object,81,266266.0,262808,0.06
leela,0x6598060,4135600,object,75,266266.0,262808,0.06
leela,0x6198060,4135600,object,79,266266.0,262808,0.06
leela,0x6598060,4118720,object,54,266266.0,262808,0.06
leela,0x6598060,4101840,object,46,265188.0,261744,0.06
leela,0x6598060,4135600,object,66,265188.0,261744,0.06
mcf,0x4c4eaa0,136352,64bits,1,184243606.0,5453,1351.24
mcf,0x5c5c060,151373088,64bits,1,121164606.0,13927396,0.8
mcf,0x4c4eaa0,136352,64bits,3,94379537.0,14157,692.18
mcf,0x4c4eaa0,136352,64bits,2,27773474.0,14625,203.69
mcf,0x17d16060,16000000,64bits,1,24637006.0,2000000,1.54
mcf,0x17d16060,295373088,64bits,2,24511481.0,5999099,0.08
mcf,0x296c7060,295373088,64bits,1,17819864.0,7430895,0.06
mcf,0xecb9060,151373088,64bits,1,15249994.0,9921636,0.1
mcf,0x5c5c060,31984640,64bits,2,12481304.0,3998080,0.39
mcf,0x4a4c360,1245088,32bits,1,10973422.0,155632,8.81
mcf,0x5c5c060,31969480,64bits,9,4019071.0,3996185,0.13
mcf,0x5c5c060,31967584,64bits,3,4000546.0,3995948,0.13
mcf,0x5c5c060,31968608,64bits,4,3999466.0,3996076,0.13
mcf,0x5c5c060,31969552,64bits,10,3996194.0,3996194,0.13
mcf,0x5c5c060,31968600,64bits,5,3996143.0,3996075,0.13
mcf,0x5c5c060,31968632,64bits,8,3996097.0,3996079,0.13
mcf,0x5c5c060,31968600,64bits,7,3996075.0,3996075,0.13
mcf,0x5c5c060,31968600,64bits,6,3996075.0,3996075,0.13
mcf,0x5553060,7373088,64bits,1,1025578.0,921636,0.14
mcf,0x4e4a060,7373088,64bits,1,921636.0,921636,0.13
nab,0x4cf28c0,4224,32bits,1,1080.0,672,0.26
nab,0x4d00a60,4960,32bits,1,939.0,313,0.19
nab,0x4b99060,4096,object,1,626.0,214,0.15
nab,0x4d06100,5952,32bits,1,313.0,313,0.05
nab,0x4d0d5e0,5952,32bits,1,313.0,313,0.05
nab,0x4d01e20,5952,32bits,1,313.0,313,0.05
nab,0x4bb6ba0,1280000,64bits,1,7.0,7,0.0
namd,0x5cc8340,7647,64bits,4,273614563.0,635,35780.64
namd,0xf765040,22711,64bits,1,169526751.0,2154,7464.52
namd,0x5cca180,22711,64bits,1,167872329.0,2154,7391.67
namd,0x5a55880,89864,32bits,1,10704701.0,14977,119.12
namd,0x54eb160,16848,64bits,1,1972518.0,2106,117.08
namd,0x54e6f20,16848,64bits,1,1971318.0,2106,117.01
namd,0x54951c0,16512,64bits,1,1970160.0,2064,119.32
namd,0x54910e0,16512,64bits,1,1968276.0,2064,119.2
namd,0x5482800,17232,64bits,1,1935234.0,2154,112.3
namd,0x547e440,17232,64bits,1,1933506.0,2154,112.2
namd,0x5470100,15960,64bits,1,1909341.0,1995,119.63
namd,0x546c240,15960,64bits,1,1907493.0,1995,119.52
namd,0x541a100,15552,64bits,1,1903836.0,1944,122.42
namd,0x54163e0,15552,64bits,1,1901556.0,1944,122.27
namd,0x54fcc40,15288,64bits,1,1872873.0,1911,122.51
namd,0x54f9020,15288,64bits,1,1870521.0,1911,122.35
namd,0x53b33e0,16032,64bits,1,1845624.0,2004,115.12
namd,0x53af4e0,16032,64bits,1,1844232.0,2004,115.03
namd,0x5408de0,15528,64bits,1,1839819.0,1941,118.48
namd,0x54050c0,15528,64bits,1,1837803.0,1941,118.35
omnetpp,0x10a53ec0,262152,64bits,1,58906189.0,27152,224.7
omnetpp,0x17cbe740,4096,object,1,18104649.0,4096,4420.08
omnetpp,0x4eabb40,5024,64bits,2,116796.0,628,23.25
omnetpp,0xd998060,1048576,64bits,1,112694.0,112694,0.11
omnetpp,0xb3d0340,524288,64bits,1,65536.0,65536,0.13
omnetpp,0x8f00a80,235520,64bits,1,58879.0,29440,0.25
omnetpp,0x4eabb40,5024,64bits,1,43773.0,628,8.71
omnetpp,0x4e42a80,14400,object,1,42178.0,1118,2.93
omnetpp,0xa1156e0,262144,64bits,1,32768.0,32768,0.13
omnetpp,0x8ec7320,235264,64bits,1,29440.0,29408,0.13
omnetpp,0x8e8dcc0,235008,64bits,1,29408.0,29376,0.13
omnetpp,0x8de2240,234752,64bits,1,29376.0,29344,0.13
omnetpp,0x8e4fd40,234496,64bits,1,29344.0,29312,0.13
omnetpp,0x8e13d40,234240,64bits,1,29312.0,29280,0.13
omnetpp,0x8ddaae0,233984,64bits,1,29280.0,29248,0.13
omnetpp,0x8e48260,233728,64bits,1,29248.0,29216,0.13
omnetpp,0x8e0f200,233472,64bits,1,29216.0,29184,0.13
omnetpp,0x8dd62a0,233216,64bits,1,29184.0,29152,0.13
omnetpp,0x8e80740,232960,64bits,1,29152.0,29120,0.13
omnetpp,0x8e479e0,232704,64bits,1,29120.0,29088,0.13
parest,0x8d17440,8192,64bits,1,11273216.0,1024,1376.13
parest,0x79b1340,51424,64bits,10,1928400.0,6428,37.5
parest,0xad98060,3611424,64bits,1,1275364.0,451428,0.35
parest,0x13d98060,1805712,32bits,1,902856.0,451428,0.5
parest,0x7b14f80,2622624,32bits,1,806132.0,655656,0.31
parest,0x525fee0,51424,64bits,4,341516.0,6428,6.64
parest,0x5253400,51424,64bits,5,341516.0,6428,6.64
parest,0x54a2260,51424,64bits,2,321400.0,6428,6.25
parest,0x79ca5c0,51424,64bits,8,321400.0,6428,6.25
parest,0x88682e0,25712,64bits,1,318186.0,3214,12.38
parest,0x8ffd120,25712,64bits,2,292474.0,3214,11.38
parest,0x8d3c380,25712,64bits,1,266762.0,3214,10.38
parest,0x51e3b80,154272,64bits,1,255160.0,16070,1.65
parest,0x8d35ea0,25712,64bits,1,241050.0,3214,9.38
parest,0x8fe3de0,25712,64bits,2,189626.0,3214,7.38
parest,0x8d166a0,25712,64bits,1,176770.0,3214,6.88
parest,0x528bfc0,25712,64bits,53,163914.0,3214,6.38
parest,0x528bfc0,25712,64bits,116,163914.0,3214,6.38
parest,0x528bfc0,25712,64bits,68,163914.0,3214,6.38
parest,0x528bfc0,25712,64bits,18,163914.0,3214,6.38
perlbench,0x4c50320,5440,32bits,1,10616745.0,420,1951.61
perlbench,0x4b9e280,8096,object,1,4588526.0,1051,566.76
perlbench,0x4bcbd40,4800,32bits,1,67561.0,337,14.08
perlbench,0x4bcbb60,8192,object,2,31641.0,8122,3.86
perlbench,0x4bd1820,8200,object,1,17833.0,104,2.17
perlbench,0x4c262e0,8224,object,1,17647.0,144,2.15
perlbench,0x4c5ff00,16384,object,1,9168.0,2718,0.56
perlbench,0x4bf2600,16384,object,1,7869.0,2650,0.48
perlbench,0x4bd9be0,16384,object,1,6432.0,2598,0.39
perlbench,0x4c2ee60,16384,object,1,6125.0,2637,0.37
perlbench,0x4be5ec0,16384,object,1,5612.0,2552,0.34
perlbench,0x4c5a840,16384,object,1,5399.0,2612,0.33
perlbench,0x4c49100,16384,object,1,5374.0,2596,0.33
perlbench,0x4c518c0,16384,object,1,5266.0,2613,0.32
perlbench,0x4c3f580,16384,object,1,5117.0,2551,0.31
perlbench,0x4c0dfa0,8192,object,1,4056.0,1337,0.5
perlbench,0x4bd64a0,8192,object,1,3562.0,1322,0.43
perlbench,0x4c7c700,16384,object,1,3217.0,1668,0.2
perlbench,0x4caa580,8192,object,1,3165.0,11,0.39
perlbench,0x4c77200,8192,object,1,2798.0,1317,0.34
pop2,0x5fef2060,240537600,32bits,1,120268800.0,60134400,0.5
pop2,0x578b7060,6393304,32bits,1,68728018.0,1598326,10.75
pop2,0x6e458060,6393304,32bits,10,68728018.0,1598326,10.75
pop2,0x6ea71060,6393304,32bits,1,33564846.0,1598326,5.25
pop2,0x6ea71060,6393304,32bits,2,33564846.0,1598326,5.25
pop2,0x6ea71060,6393304,32bits,3,33564846.0,1598326,5.25
pop2,0x6ea71060,6393304,32bits,4,33564846.0,1598326,5.25
pop2,0x71792060,25573216,32bits,1,22376564.0,6393304,0.88
pop2,0x21b25980,46400,32bits,7,19348800.0,11600,417.0
pop2,0x56982320,800000,object,1,12786608.0,800000,15.98
pop2,0x24223060,36080640,64bits,2,10374386.0,4510080,0.29
pop2,0x522fd060,1036800,32bits,14,9590400.0,259200,9.25
pop2,0x541bb380,1036800,32bits,1,9590400.0,259200,9.25
pop2,0x20b2dba0,5776,64bits,2,8421600.0,722,1458.03
pop2,0x56885060,400000,object,2,6393304.0,400000,15.98
pop2,0x564088e0,400000,object,7,6393304.0,400000,15.98
pop2,0x2f9ad060,48107520,64bits,1,6013440.0,6013440,0.13
pop2,0x3f607060,48107520,64bits,1,6013440.0,6013440,0.13
pop2,0x4a218060,48107520,64bits,1,6013440.0,6013440,0.13
pop2,0x2cbcb060,48107520,64bits,1,6013440.0,6013440,0.13
povray,0x4de99c0,12824,64bits,1,14448641.0,211,1126.69
povray,0x504f120,4120,64bits,1,9045634.0,27,2195.54
povray,0x4decc40,12824,64bits,1,5956306.0,163,464.47
povray,0x4de3f20,12824,64bits,1,3893867.0,283,303.64
povray,0x4e5cbe0,4120,64bits,1,3025740.0,37,734.4
povray,0x4defec0,5640,32bits,1,502375.0,21,89.07
povray,0x4dbdb40,8192,object,1,397829.0,8191,48.56
povray,0x4df47c0,5640,32bits,1,238072.0,21,42.21
povray,0x4db9a80,8192,object,1,229477.0,8175,28.01
povray,0x4db7a20,8192,object,1,150789.0,8177,18.41
povray,0x4daf920,8192,object,1,143188.0,8191,17.48
povray,0x4dbdfc0,8192,object,1,143188.0,8191,17.48
povray,0x4db1900,8192,object,1,119021.0,8191,14.53
povray,0x4df5e20,5640,32bits,1,76539.0,21,13.57
povray,0x4df74a0,5640,32bits,1,30286.0,21,5.37
povray,0x4df1540,12824,64bits,1,12050.0,81,0.94
povray,0x4dc7fc0,38424,64bits,2,9608.0,4803,0.25
povray,0x4db3960,8192,object,1,9248.0,8191,1.13
povray,0x4dfaba0,5640,32bits,1,9172.0,21,1.63
povray,0x4dbbae0,8192,object,1,8315.0,4133,1.02
roms,0xf4c2060,49976640,64bits,1,80028360.0,6247080,1.6
roms,0x1246c060,16658880,64bits,1,29093100.0,2082360,1.75
roms,0x13450060,16658880,64bits,1,28677330.0,2082360,1.72
roms,0xaf9d060,17214176,64bits,1,25744732.0,2151772,1.5
roms,0x14434060,8607088,64bits,1,25565750.0,1075886,2.97
roms,0x96fc060,17214176,64bits,1,25498852.0,2151772,1.48
roms,0xd3ec060,17214176,64bits,1,21976412.0,2151772,1.28
roms,0xe457060,17214176,64bits,1,21666652.0,2151772,1.26
roms,0x6eba060,8329440,64bits,1,18393900.0,1041180,2.21
roms,0x76ac060,8329440,64bits,1,18130980.0,1041180,2.18
roms,0x8ec6060,8607088,64bits,1,12749426.0,1075886,1.48
roms,0x8690060,8607088,64bits,1,10595924.0,1075886,1.23
roms,0xc226600,832944,64bits,1,10478230.0,104118,12.58
roms,0xc08f9e0,832944,64bits,1,10442754.0,104118,12.54
roms,0xc15afe0,832944,64bits,1,10287132.0,104118,12.35
roms,0x7e9e060,8329440,64bits,1,10254120.0,1041180,1.23
roms,0x66c8060,8329440,64bits,1,10254120.0,1041180,1.23
roms,0x5039540,277648,64bits,1,10192786.0,34706,36.71
roms,0x507d220,277648,64bits,1,10034066.0,34706,36.14
roms,0x4f2a180,277648,64bits,1,10003346.0,34706,36.03
wrf,0x6614200,667968,32bits,1,97582452.0,166992,146.09
wrf,0x5ac8060,667968,32bits,1,96362220.0,166992,144.26
wrf,0x544fb80,667968,32bits,1,87679032.0,166992,131.26
wrf,0x58dbce0,667968,32bits,1,87584262.0,166992,131.12
wrf,0x7927060,4007808,32bits,1,87549804.0,1001952,21.84
wrf,0x6222020,667968,32bits,1,75169914.0,166992,112.54
wrf,0x56c8060,667968,32bits,1,73022307.0,166992,109.32
wrf,0x52086a0,667968,32bits,1,72811356.0,166992,109.0
wrf,0x5b959a0,667968,32bits,1,70218252.0,166992,105.12
wrf,0x66c8060,667968,32bits,1,58673454.0,166992,87.84
wrf,0x5e22020,667968,32bits,1,58648380.0,166992,87.8
wrf,0x5cdbce0,667968,32bits,1,49044912.0,166992,73.42
wrf,0x5838b40,667968,32bits,1,48301692.0,166992,72.31
wrf,0x53ac9e0,667968,32bits,1,48196392.0,166992,72.15
wrf,0xcddd2e0,16384,object,1,34774356.0,16380,2122.46
wrf,0x63c0140,667968,32bits,1,24839232.0,166992,37.19
wrf,0x597ee80,667968,32bits,1,22965702.0,166992,34.38
wrf,0x54f2d20,667968,32bits,1,22934112.0,166992,34.33
wrf,0xab719e0,667968,32bits,1,21834852.0,166992,32.69
wrf,0xaacd6a0,667968,32bits,1,18972312.0,166992,28.4
x264,0x4b9a5c0,33371,object,1,2020639479.0,5859,60550.76
x264,0x579f060,1053723,object,1,75387882.0,1053698,71.54
x264,0x5399060,4214811,object,1,67897529.0,3564324,16.11
x264,0xe7a5060,4214811,object,1,65511696.0,3595500,15.54
x264,0xdf9f060,4214811,object,1,64719775.0,3569503,15.36
x264,0xefb1060,4214811,object,1,64474841.0,3556231,15.3
x264,0xebab060,4214811,object,1,55436407.0,3552523,13.15
x264,0x5264200,86427,object,1,4492802.0,28802,51.98
x264,0x4e06080,1586283,object,1,4220002.0,179894,2.66
x264,0x7b9f060,1194011,object,1,3822594.0,955650,3.2
x264,0xb4a04e0,1194011,object,1,3822594.0,955650,3.2
x264,0x74e5e60,1194011,object,1,3822594.0,955650,3.2
x264,0x7e6f960,1194011,object,1,3822594.0,955650,3.2
x264,0x5ca04e0,1194011,object,1,3822594.0,955650,3.2
x264,0x6f9f060,1194011,object,1,3822594.0,955650,3.2
x264,0x7245660,1194011,object,1,3822594.0,955650,3.2
x264,0x8167240,1194011,object,1,3822594.0,955650,3.2
x264,0x84a04e0,1194011,object,1,3822594.0,955650,3.2
x264,0x5f9f060,1194011,object,1,3822594.0,955650,3.2
x264,0x652b7e0,1194011,object,1,3822594.0,955650,3.2
xalancbmk,0x53b3ee0,275280,64bits,1,180178.0,29520,0.65
xalancbmk,0x4ddc560,164000,object,1,63478.0,18497,0.39
xalancbmk,0x4e188e0,164000,object,1,63147.0,18483,0.39
xalancbmk,0x5034400,67200,64bits,1,56263.0,8400,0.84
xalancbmk,0x5149980,172040,64bits,1,49417.0,21505,0.29
xalancbmk,0x4f1f500,164000,object,1,41505.0,18083,0.25
xalancbmk,0x5010080,4096,object,1,34660.0,4096,8.46
xalancbmk,0x5414320,29696,64bits,1,30815.0,2946,1.04
xalancbmk,0x509bee0,107520,64bits,1,24323.0,13440,0.23
xalancbmk,0x4e7a160,65536,object,1,13736.0,8005,0.21
xalancbmk,0x4e42480,65536,object,1,12921.0,8213,0.2
xalancbmk,0x4e59d00,65536,object,1,12393.0,8053,0.19
xalancbmk,0x4e8a760,65536,object,1,11880.0,7326,0.18
xalancbmk,0x4e6a100,65536,object,1,11783.0,8032,0.18
xalancbmk,0x50406c0,11600,64bits,1,8782.0,1450,0.76
xalancbmk,0x55041a0,18560,64bits,1,8368.0,1480,0.45
xalancbmk,0x5054da0,7248,64bits,1,8127.0,906,1.12
xalancbmk,0x5014ba0,42000,64bits,1,5446.0,5250,0.13
xalancbmk,0x556dae0,18560,64bits,1,5329.0,1478,0.29
xalancbmk,0x5324a60,11600,64bits,1,4482.0,1450,0.39
xz,0x24c4c060,249576,object,4,610078856.0,59777,2444.46
xz,0x4b4b360,249576,object,3,254002449.0,47691,1017.74
xz,0x2530c1a0,42209288,32bits,1,142625784.0,9808533,3.38
xz,0x4b4c460,28352,object,1,118601172.0,7336,4183.17
xz,0x24c4c060,67108864,object,1,74484432.0,6207035,1.11
xz,0x4b4b360,28352,object,3,52955196.0,7336,1867.78
xz,0x252df360,42209288,32bits,1,28427513.0,3470727,0.67
xz,0x4e4a060,267386880,64bits,1,24548352.0,1381506,0.09
xz,0x4b4b360,28352,object,4,22038468.0,7336,777.32
xz,0x2500c1a0,12849156,32bits,1,17334772.0,2948446,1.35
xz,0x24c88fa0,6557700,32bits,1,17072628.0,1572880,2.6
xz,0x4b4b360,65704,object,2,15164973.0,61470,230.81
xz,0x24c4c060,9041920,64bits,2,13562880.0,1130240,1.5
xz,0x24c88fa0,1576964,32bits,1,12648954.0,393507,8.02
xz,0x24c4d160,4194304,object,1,12067889.0,3351529,2.88
xz,0x24c4c060,65704,object,3,7649171.0,61470,116.42
xz,0x24fdf360,12849156,32bits,1,4751860.0,1865709,0.37
xz,0x24e5f360,6557700,32bits,1,4489716.0,1554451,0.68
xz,0x24c4c060,28352,object,4,4473612.0,7336,157.79
xz,0x24c4d160,1048576,object,1,4368144.0,1045833,4.17
