bench,addr,generation,alloc_type,alloc_size,offset,writes,pct_of_buffer,pct_of_bench
blender,0x52f1c80,2,object,4096,132,507,0.02445018431677408,0.001428597110311535
blender,0x52f1c80,2,object,4096,130,507,0.02445018431677408,0.001428597110311535
blender,0x52f1c80,2,object,4096,134,507,0.02445018431677408,0.001428597110311535
blender,0x52f1c80,2,object,4096,131,507,0.02445018431677408,0.001428597110311535
blender,0x52f1c80,2,object,4096,129,507,0.02445018431677408,0.001428597110311535
blender,0x5f7c4c0,9,object,2073608,832396,1,4.822528538518259e-05,2.81774577970717e-06
blender,0x6182060,4,64bits,8294408,64,2,9.645057077036518e-05,5.63549155941434e-06
blender,0x6182060,4,64bits,8294408,16,2,9.645057077036518e-05,5.63549155941434e-06
blender,0x5f7c4c0,9,object,2073608,832394,1,4.822528538518259e-05,2.81774577970717e-06
blender,0x6182060,4,64bits,8294408,96,2,9.645057077036518e-05,5.63549155941434e-06
blender,0x5f7c4c0,9,object,2073608,832398,1,4.822528538518259e-05,2.81774577970717e-06
blender,0x6182060,4,64bits,8294408,88,2,9.645057077036518e-05,5.63549155941434e-06
blender,0x5f7c4c0,9,object,2073608,832395,1,4.822528538518259e-05,2.81774577970717e-06
blender,0x6182060,4,64bits,8294408,32,2,9.645057077036518e-05,5.63549155941434e-06
blender,0x5f7c4c0,9,object,2073608,832391,1,4.822528538518259e-05,2.81774577970717e-06
blender,0x5598060,1,64bits,8294408,3987224,1,9.64505242568246e-05,2.81774577970717e-06
blender,0x5598060,1,64bits,8294408,3987200,1,9.64505242568246e-05,2.81774577970717e-06
blender,0x5598060,1,64bits,8294408,3987240,1,9.64505242568246e-05,2.81774577970717e-06
blender,0x5598060,1,64bits,8294408,3987208,1,9.64505242568246e-05,2.81774577970717e-06
blender,0x5598060,1,64bits,8294408,3987192,1,9.64505242568246e-05,2.81774577970717e-06
blender,0x5d82060,1,32bits,2073608,353168,2,0.0002572013153275266,5.63549155941434e-06
blender,0x5d82060,1,32bits,2073608,353192,2,0.0002572013153275266,5.63549155941434e-06
blender,0x5d82060,1,32bits,2073608,353152,2,0.0002572013153275266,5.63549155941434e-06
blender,0x5d82060,1,32bits,2073608,353160,2,0.0002572013153275266,5.63549155941434e-06
blender,0x5d82060,1,32bits,2073608,353184,2,0.0002572013153275266,5.63549155941434e-06
blender,0x535e380,7,32bits,983048,64,2,0.0006510395473973067,5.63549155941434e-06
blender,0x535e380,12,32bits,983048,2304,2,0.0006510395473973067,5.63549155941434e-06
blender,0x535e380,8,32bits,983048,4288,2,0.0006510395473973067,5.63549155941434e-06
blender,0x535e380,9,32bits,983048,48,2,0.0006510395473973067,5.63549155941434e-06
blender,0x535e380,11,32bits,983048,64,2,0.0006510395473973067,5.63549155941434e-06
blender,0x535e380,7,32bits,983048,16,2,0.0006510395473973067,5.63549155941434e-06
blender,0x535e380,11,32bits,983048,16,2,0.0006510395473973067,5.63549155941434e-06
blender,0x535e380,9,32bits,983048,24,2,0.0006510395473973067,5.63549155941434e-06
blender,0x535e380,8,32bits,983048,4264,2,0.0006510395473973067,5.63549155941434e-06
blender,0x535e380,12,32bits,983048,2280,2,0.0006510395473973067,5.63549155941434e-06
blender,0x535e380,12,32bits,983048,2328,2,0.0006510395473973067,5.63549155941434e-06
blender,0x535e380,11,32bits,983048,96,2,0.0006510395473973067,5.63549155941434e-06
blender,0x535e380,9,32bits,983048,56,2,0.0006510395473973067,5.63549155941434e-06
blender,0x535e380,8,32bits,983048,4312,2,0.0006510395473973067,5.63549155941434e-06
blender,0x535e380,7,32bits,983048,96,2,0.0006510395473973067,5.63549155941434e-06
blender,0x535e380,11,32bits,983048,88,2,0.0006510395473973067,5.63549155941434e-06
blender,0x535e380,9,32bits,983048,40,2,0.0006510395473973067,5.63549155941434e-06
blender,0x535e380,8,32bits,983048,4272,2,0.0006510395473973067,5.63549155941434e-06
blender,0x535e380,12,32bits,983048,2296,2,0.0006510395473973067,5.63549155941434e-06
blender,0x535e380,7,32bits,983048,88,2,0.0006510395473973067,5.63549155941434e-06
blender,0x535e380,11,32bits,983048,32,2,0.0006510395473973067,5.63549155941434e-06
blender,0x535e380,9,32bits,983048,8,2,0.0006510395473973067,5.63549155941434e-06
blender,0x535e380,8,32bits,983048,4248,2,0.0006510395473973067,5.63549155941434e-06
blender,0x535e380,12,32bits,983048,2256,2,0.0006510395473973067,5.63549155941434e-06
blender,0x535e380,7,32bits,983048,32,2,0.0006510395473973067,5.63549155941434e-06
bwaves,0x10e80060,1,64bits,24601600,1472280,22,3.251821019771072e-05,1.6838995775809322e-06
bwaves,0x992d060,1,64bits,24601600,10064,22,3.251821019771072e-05,1.6838995775809322e-06
bwaves,0xdf92060,1,64bits,24601600,6120,22,3.251821019771072e-05,1.6838995775809322e-06
bwaves,0xc81b060,1,64bits,24601600,3978128,22,3.251821019771072e-05,1.6838995775809322e-06
bwaves,0xf709060,1,64bits,24601600,5744,22,3.251821019771072e-05,1.6838995775809322e-06
bwaves,0xb0a4060,1,64bits,24601600,631792,22,3.251821019771072e-05,1.6838995775809322e-06
bwaves,0x52c8060,1,64bits,24601600,8394464,22,3.251821019771072e-05,1.6838995775809322e-06
bwaves,0xf709060,1,64bits,24601600,1192,22,3.251821019771072e-05,1.6838995775809322e-06
bwaves,0xc81b060,1,64bits,24601600,3972840,22,3.251821019771072e-05,1.6838995775809322e-06
bwaves,0x992d060,1,64bits,24601600,8288,22,3.251821019771072e-05,1.6838995775809322e-06
bwaves,0xb0a4060,1,64bits,24601600,622552,22,3.251821019771072e-05,1.6838995775809322e-06
bwaves,0x52c8060,1,64bits,24601600,8391944,22,3.251821019771072e-05,1.6838995775809322e-06
bwaves,0x10e80060,1,64bits,24601600,1469912,22,3.251821019771072e-05,1.6838995775809322e-06
bwaves,0xdf92060,1,64bits,24601600,5288,22,3.251821019771072e-05,1.6838995775809322e-06
bwaves,0xf709060,1,64bits,24601600,6224,22,3.251821019771072e-05,1.6838995775809322e-06
bwaves,0xdf92060,1,64bits,24601600,6584,22,3.251821019771072e-05,1.6838995775809322e-06
bwaves,0x992d060,1,64bits,24601600,12960,22,3.251821019771072e-05,1.6838995775809322e-06
bwaves,0xc81b060,1,64bits,24601600,3978592,22,3.251821019771072e-05,1.6838995775809322e-06
bwaves,0xb0a4060,1,64bits,24601600,635072,22,3.251821019771072e-05,1.6838995775809322e-06
bwaves,0x52c8060,1,64bits,24601600,8394808,22,3.251821019771072e-05,1.6838995775809322e-06
bwaves,0x10e80060,1,64bits,24601600,1479416,22,3.251821019771072e-05,1.6838995775809322e-06
bwaves,0xf709060,1,64bits,24601600,2120,22,3.251821019771072e-05,1.6838995775809322e-06
bwaves,0xb0a4060,1,64bits,24601600,628528,22,3.251821019771072e-05,1.6838995775809322e-06
bwaves,0xc81b060,1,64bits,24601600,3974736,22,3.251821019771072e-05,1.6838995775809322e-06
bwaves,0x10e80060,1,64bits,24601600,1472136,22,3.251821019771072e-05,1.6838995775809322e-06
bwaves,0x52c8060,1,64bits,24601600,8392384,22,3.251821019771072e-05,1.6838995775809322e-06
bwaves,0xdf92060,1,64bits,24601600,5512,22,3.251821019771072e-05,1.6838995775809322e-06
bwaves,0x992d060,1,64bits,24601600,10032,22,3.251821019771072e-05,1.6838995775809322e-06
bwaves,0xf709060,1,64bits,24601600,1168,22,3.251821019771072e-05,1.6838995775809322e-06
bwaves,0xb0a4060,1,64bits,24601600,619856,22,3.251821019771072e-05,1.6838995775809322e-06
bwaves,0xc81b060,1,64bits,24601600,3972560,22,3.251821019771072e-05,1.6838995775809322e-06
bwaves,0x10e80060,1,64bits,24601600,1464128,22,3.251821019771072e-05,1.6838995775809322e-06
bwaves,0xdf92060,1,64bits,24601600,264,22,3.251821019771072e-05,1.6838995775809322e-06
bwaves,0x992d060,1,64bits,24601600,7016,22,3.251821019771072e-05,1.6838995775809322e-06
bwaves,0x52c8060,1,64bits,24601600,8389792,22,3.251821019771072e-05,1.6838995775809322e-06
bwaves,0x16cba060,1,64bits,24986000,1204016,20,3.201793004082286e-05,1.5308177978008473e-06
bwaves,0x154e5060,1,64bits,24986000,7616,20,3.201793004082286e-05,1.5308177978008473e-06
bwaves,0x154e5060,1,64bits,24986000,1480,20,3.201793004082286e-05,1.5308177978008473e-06
bwaves,0x16cba060,1,64bits,24986000,1200816,20,3.201793004082286e-05,1.5308177978008473e-06
bwaves,0x154e5060,1,64bits,24986000,11568,20,3.201793004082286e-05,1.5308177978008473e-06
bwaves,0x16cba060,1,64bits,24986000,1206448,20,3.201793004082286e-05,1.5308177978008473e-06
bwaves,0x154e5060,1,64bits,24986000,1496,20,3.201793004082286e-05,1.5308177978008473e-06
bwaves,0x16cba060,1,64bits,24986000,1203736,20,3.201793004082286e-05,1.5308177978008473e-06
bwaves,0x16cba060,1,64bits,24986000,1197528,20,3.201793004082286e-05,1.5308177978008473e-06
bwaves,0x154e5060,1,64bits,24986000,1216,20,3.201793004082286e-05,1.5308177978008473e-06
bwaves,0x6a3f060,1,64bits,24601600,6624,20,3.251821019771072e-05,1.5308177978008473e-06
bwaves,0x6a3f060,1,64bits,24601600,4272,20,3.251821019771072e-05,1.5308177978008473e-06
bwaves,0x6a3f060,1,64bits,24601600,7216,20,3.251821019771072e-05,1.5308177978008473e-06
bwaves,0x6a3f060,1,64bits,24601600,4376,20,3.251821019771072e-05,1.5308177978008473e-06
bwaves,0x6a3f060,1,64bits,24601600,440,20,3.251821019771072e-05,1.5308177978008473e-06
cactus,0x8d98060,1,64bits,592711,43440,101,0.0017303504148043984,3.231617593641615e-05
cactus,0x96b97c0,1,64bits,592711,43440,101,0.0017303504148043984,3.231617593641615e-05
cactus,0x97daf20,1,64bits,592711,525416,101,0.0017303504148043984,3.231617593641615e-05
cactus,0x934a360,1,64bits,592711,71664,101,0.0017303504148043984,3.231617593641615e-05
cactus,0x946bac0,1,64bits,592711,43392,101,0.0017303504148043984,3.231617593641615e-05
cactus,0x9a28c00,1,64bits,592711,90536,101,0.0017303504148043984,3.231617593641615e-05
cactus,0x8fdaf20,1,64bits,592711,175192,101,0.0017303504148043984,3.231617593641615e-05
cactus,0x9228c00,1,64bits,592711,509088,101,0.0017303504148043984,3.231617593641615e-05
cactus,0x90fc680,1,64bits,592711,509128,101,0.0017303504148043984,3.231617593641615e-05
cactus,0x9ab97c0,1,64bits,592711,520848,101,0.0017303504148043984,3.231617593641615e-05
cactus,0x946bac0,1,64bits,592711,43376,101,0.0017303504148043984,3.231617593641615e-05
cactus,0x9228c00,1,64bits,592711,509072,101,0.0017303504148043984,3.231617593641615e-05
cactus,0x97daf20,1,64bits,592711,525464,101,0.0017303504148043984,3.231617593641615e-05
cactus,0x90fc680,1,64bits,592711,509096,101,0.0017303504148043984,3.231617593641615e-05
cactus,0x9a28c00,1,64bits,592711,90512,101,0.0017303504148043984,3.231617593641615e-05
cactus,0x8fdaf20,1,64bits,592711,175176,101,0.0017303504148043984,3.231617593641615e-05
cactus,0x934a360,1,64bits,592711,71648,101,0.0017303504148043984,3.231617593641615e-05
cactus,0x9ab97c0,1,64bits,592711,520832,101,0.0017303504148043984,3.231617593641615e-05
cactus,0x8d98060,1,64bits,592711,43424,101,0.0017303504148043984,3.231617593641615e-05
cactus,0x96b97c0,1,64bits,592711,43424,101,0.0017303504148043984,3.231617593641615e-05
cactus,0x97daf20,1,64bits,592711,525616,101,0.0017303504148043984,3.231617593641615e-05
cactus,0x9228c00,1,64bits,592711,509112,101,0.0017303504148043984,3.231617593641615e-05
cactus,0x9ab97c0,1,64bits,592711,520864,101,0.0017303504148043984,3.231617593641615e-05
cactus,0x9a28c00,1,64bits,592711,90568,101,0.0017303504148043984,3.231617593641615e-05
cactus,0x90fc680,1,64bits,592711,509168,101,0.0017303504148043984,3.231617593641615e-05
cactus,0x934a360,1,64bits,592711,71696,101,0.0017303504148043984,3.231617593641615e-05
cactus,0x946bac0,1,64bits,592711,43408,101,0.0017303504148043984,3.231617593641615e-05
cactus,0x8d98060,1,64bits,592711,43464,101,0.0017303504148043984,3.231617593641615e-05
cactus,0x96b97c0,1,64bits,592711,43464,101,0.0017303504148043984,3.231617593641615e-05
cactus,0x8fdaf20,1,64bits,592711,175200,101,0.0017303504148043984,3.231617593641615e-05
cactus,0x8fdaf20,1,64bits,592711,175184,101,0.0017303504148043984,3.231617593641615e-05
cactus,0x97daf20,1,64bits,592711,525592,101,0.0017303504148043984,3.231617593641615e-05
cactus,0x9228c00,1,64bits,592711,509104,101,0.0017303504148043984,3.231617593641615e-05
cactus,0x90fc680,1,64bits,592711,509160,101,0.0017303504148043984,3.231617593641615e-05
cactus,0x934a360,1,64bits,592711,71672,101,0.0017303504148043984,3.231617593641615e-05
cactus,0x9ab97c0,1,64bits,592711,520856,101,0.0017303504148043984,3.231617593641615e-05
cactus,0x946bac0,1,64bits,592711,43400,101,0.0017303504148043984,3.231617593641615e-05
cactus,0x9a28c00,1,64bits,592711,90528,101,0.0017303504148043984,3.231617593641615e-05
cactus,0x96b97c0,1,64bits,592711,43456,101,0.0017303504148043984,3.231617593641615e-05
cactus,0x8d98060,1,64bits,592711,43456,101,0.0017303504148043984,3.231617593641615e-05
cactus,0x9ab97c0,1,64bits,592711,520840,101,0.0017303504148043984,3.231617593641615e-05
cactus,0x946bac0,1,64bits,592711,43368,101,0.0017303504148043984,3.231617593641615e-05
cactus,0x97daf20,1,64bits,592711,525472,101,0.0017303504148043984,3.231617593641615e-05
cactus,0x90fc680,1,64bits,592711,509080,101,0.0017303504148043984,3.231617593641615e-05
cactus,0x934a360,1,64bits,592711,71616,101,0.0017303504148043984,3.231617593641615e-05
cactus,0x9228c00,1,64bits,592711,509064,101,0.0017303504148043984,3.231617593641615e-05
cactus,0x9a28c00,1,64bits,592711,90488,101,0.0017303504148043984,3.231617593641615e-05
cactus,0x8fdaf20,1,64bits,592711,175160,101,0.0017303504148043984,3.231617593641615e-05
cactus,0x96b97c0,1,64bits,592711,43384,101,0.0017303504148043984,3.231617593641615e-05
cactus,0x8d98060,1,64bits,592711,43384,101,0.0017303504148043984,3.231617593641615e-05
cam4,0x2c818060,1,32bits,71027712,24868040,82,8.6791638794114e-05,4.408714243282408e-06
cam4,0x2c818060,1,32bits,71027712,24539208,82,8.6791638794114e-05,4.408714243282408e-06
cam4,0x2c818060,1,32bits,71027712,56620888,82,8.6791638794114e-05,4.408714243282408e-06
cam4,0x2c818060,1,32bits,71027712,24888592,82,8.6791638794114e-05,4.408714243282408e-06
cam4,0x2c818060,1,32bits,71027712,23819872,82,8.6791638794114e-05,4.408714243282408e-06
cam4,0x83bc060,1,64bits,2985984,541648,55,0.00026864199614874836,2.957064431469908e-06
cam4,0x83bc060,1,64bits,2985984,526040,55,0.00026864199614874836,2.957064431469908e-06
cam4,0x83bc060,1,64bits,2985984,545656,55,0.00026864199614874836,2.957064431469908e-06
cam4,0x83bc060,1,64bits,2985984,527480,55,0.00026864199614874836,2.957064431469908e-06
cam4,0x83bc060,1,64bits,2985984,525800,55,0.00026864199614874836,2.957064431469908e-06
cam4,0x26432060,1,64bits,80621568,5944,2,9.922903012752121e-06,1.0752961568981483e-07
cam4,0x26432060,1,64bits,80621568,3312,2,9.922903012752121e-06,1.0752961568981483e-07
cam4,0x26432060,1,64bits,80621568,7856,2,9.922903012752121e-06,1.0752961568981483e-07
cam4,0x26432060,1,64bits,80621568,4848,2,9.922903012752121e-06,1.0752961568981483e-07
cam4,0x26432060,1,64bits,80621568,3016,2,9.922903012752121e-06,1.0752961568981483e-07
cam4,0x30bd5060,1,64bits,8957952,2781864,26,0.00014467592592592592,1.3978850039675927e-06
cam4,0x30bd5060,1,64bits,8957952,2755336,26,0.00014467592592592592,1.3978850039675927e-06
cam4,0x30bd5060,1,64bits,8957952,2784224,26,0.00014467592592592592,1.3978850039675927e-06
cam4,0x30bd5060,1,64bits,8957952,2781984,26,0.00014467592592592592,1.3978850039675927e-06
cam4,0x30bd5060,1,64bits,8957952,2773576,26,0.00014467592592592592,1.3978850039675927e-06
cam4,0x9bbc060,1,64bits,8626176,8625720,16,0.00013341872131497493,8.602369255185187e-07
cam4,0x9bbc060,1,64bits,8626176,5750104,16,0.00013341872131497493,8.602369255185187e-07
cam4,0x9bbc060,1,64bits,8626176,2765744,16,0.00013341872131497493,8.602369255185187e-07
cam4,0x9bbc060,1,64bits,8626176,2765224,16,0.00013341872131497493,8.602369255185187e-07
cam4,0x9bbc060,1,64bits,8626176,8516408,16,0.00013341872131497493,8.602369255185187e-07
cam4,0x87bc060,1,64bits,2875392,1326200,35,0.00029471281835720674,1.8817682745717596e-06
cam4,0x87bc060,1,64bits,2875392,1217128,35,0.00029471281835720674,1.8817682745717596e-06
cam4,0x87bc060,1,64bits,2875392,1437640,35,0.00029471281835720674,1.8817682745717596e-06
cam4,0x87bc060,1,64bits,2875392,1327344,35,0.00029471281835720674,1.8817682745717596e-06
cam4,0x87bc060,1,64bits,2875392,1105024,35,0.00029471281835720674,1.8817682745717596e-06
cam4,0x8fbc060,1,64bits,2985984,7872,31,0.0002679183813443073,1.6667090431921299e-06
cam4,0x8fbc060,1,64bits,2985984,6936,31,0.0002679183813443073,1.6667090431921299e-06
cam4,0x8fbc060,1,64bits,2985984,228840,31,0.0002679183813443073,1.6667090431921299e-06
cam4,0x8fbc060,1,64bits,2985984,7224,31,0.0002679183813443073,1.6667090431921299e-06
cam4,0x8fbc060,1,64bits,2985984,2881448,31,0.0002679183813443073,1.6667090431921299e-06
cam4,0x97bc060,1,64bits,2875392,2874808,34,0.00030436102803845405,1.828003466726852e-06
cam4,0x97bc060,1,64bits,2875392,2765752,34,0.00030436102803845405,1.828003466726852e-06
cam4,0x97bc060,1,64bits,2875392,2765104,34,0.00030436102803845405,1.828003466726852e-06
cam4,0x97bc060,1,64bits,2875392,2765024,34,0.00030436102803845405,1.828003466726852e-06
cam4,0x97bc060,1,64bits,2875392,2765096,34,0.00030436102803845405,1.828003466726852e-06
cam4,0x4589c060,2,64bits,2875392,2849840,32,0.0002967711301044634,1.7204738510370374e-06
cam4,0x4589c060,1,64bits,2875392,418248,32,0.0002967711301044634,1.7204738510370374e-06
cam4,0x4589c060,2,64bits,2875392,2846656,32,0.0002967711301044634,1.7204738510370374e-06
cam4,0x4589c060,1,64bits,2875392,415688,32,0.0002967711301044634,1.7204738510370374e-06
cam4,0x4589c060,2,64bits,2875392,2853984,32,0.0002967711301044634,1.7204738510370374e-06
cam4,0x4589c060,1,64bits,2875392,432096,32,0.0002967711301044634,1.7204738510370374e-06
cam4,0x4589c060,2,64bits,2875392,2853552,32,0.0002967711301044634,1.7204738510370374e-06
cam4,0x4589c060,1,64bits,2875392,419832,32,0.0002967711301044634,1.7204738510370374e-06
cam4,0x4589c060,2,64bits,2875392,2846592,32,0.0002967711301044634,1.7204738510370374e-06
cam4,0x4589c060,1,64bits,2875392,415712,32,0.0002967711301044634,1.7204738510370374e-06
deepsjeng,0x4a4a060,1,object,720000000,274879929,56,2.5002682207381443e-05,2.5002682207381443e-05
deepsjeng,0x4a4a060,1,object,720000000,388432665,50,2.2323823399447718e-05,2.2323823399447718e-05
deepsjeng,0x4a4a060,1,object,720000000,272678841,49,2.1877346931458765e-05,2.1877346931458765e-05
deepsjeng,0x4a4a060,1,object,720000000,560741529,47,2.0984393995480854e-05,2.0984393995480854e-05
deepsjeng,0x4a4a060,1,object,720000000,398537241,47,2.0984393995480854e-05,2.0984393995480854e-05
exchange2,0x4ed5dc0,1,32bits,4176,56,1584,45.23129640205597,12.593417077436795
exchange2,0x4ed5dc0,1,32bits,4176,192,766,21.87321530553969,6.089998409922086
exchange2,0x4ed5dc0,1,32bits,4176,136,91,2.5985151342090234,0.7234854507870886
exchange2,0x4ed5dc0,1,32bits,4176,512,64,1.8275271273557967,0.5088249324216887
exchange2,0x4ed5dc0,1,32bits,4176,0,42,1.1993146773272416,0.3339163619017332
exchange2,0x4ed3b40,1,32bits,4176,56,492,30.807764558547277,3.9115916679917317
exchange2,0x4ed3b40,1,32bits,4176,192,304,19.035691922354413,2.416918429003021
exchange2,0x4ed3b40,1,32bits,4176,136,88,5.510331872260489,0.6996342820798219
exchange2,0x4ed3b40,1,32bits,4176,128,83,5.19724483406387,0.6598823342343775
exchange2,0x4ed3b40,1,32bits,4176,40,57,3.5691922354414527,0.45317220543806647
exchange2,0x4ed4c80,1,32bits,4176,328,100,6.561679790026247,0.7950389569088885
exchange2,0x4ed4c80,1,32bits,4176,56,99,6.496062992125984,0.7870885673397997
exchange2,0x4ed4c80,1,32bits,4176,384,82,5.380577427821522,0.6519319446652886
exchange2,0x4ed4c80,1,32bits,4176,448,64,4.199475065616798,0.5088249324216887
exchange2,0x4ed4c80,1,32bits,4176,512,64,4.199475065616798,0.5088249324216887
exchange2,0x4ed6300,1,32bits,4176,136,136,11.754537597234226,1.0812529813960885
exchange2,0x4ed6300,1,32bits,4176,192,136,11.754537597234226,1.0812529813960885
exchange2,0x4ed6300,1,32bits,4176,56,108,9.33448573898012,0.8586420734615996
exchange2,0x4ed6300,1,32bits,4176,128,83,7.173725151253241,0.6598823342343775
exchange2,0x4ed6300,1,32bits,4176,40,81,7.00086430423509,0.6439815550961997
exchange2,0x4ed3d60,1,32bits,4176,56,164,19.59378733572282,1.3038638893305772
exchange2,0x4ed3d60,1,32bits,4176,192,86,10.27479091995221,0.6837335029416441
exchange2,0x4ed3d60,1,32bits,4176,0,11,1.3142174432497014,0.08745428525997774
exchange2,0x4ed3d60,1,32bits,4176,36,11,1.3142174432497014,0.08745428525997774
exchange2,0x4ed3d60,1,32bits,4176,24,8,0.955794504181601,0.06360311655271109
exchange2,0x4ecad20,1,object,8192,9,1,0.12285012285012285,0.007950389569088886
exchange2,0x4ecad20,1,object,8192,2,1,0.12285012285012285,0.007950389569088886
exchange2,0x4ecad20,1,object,8192,10,1,0.12285012285012285,0.007950389569088886
exchange2,0x4ecad20,1,object,8192,5,1,0.12285012285012285,0.007950389569088886
exchange2,0x4ecad20,1,object,8192,0,1,0.12285012285012285,0.007950389569088886
exchange2,0x4ed4c80,2,32bits,4176,36,43,5.6356487549148095,0.3418667514708221
exchange2,0x4ed4c80,2,32bits,4176,0,43,5.6356487549148095,0.3418667514708221
exchange2,0x4ed4c80,2,32bits,4176,24,39,5.111402359108781,0.3100651931944665
exchange2,0x4ed4c80,2,32bits,4176,32,28,3.669724770642202,0.2226109079344888
exchange2,0x4ed4c80,2,32bits,4176,136,8,1.0484927916120577,0.06360311655271109
exchange2,0x4ed2a20,1,32bits,4176,0,20,2.9761904761904763,0.1590077913817777
exchange2,0x4ed2a20,1,32bits,4176,36,20,2.9761904761904763,0.1590077913817777
exchange2,0x4ed2a20,1,32bits,4176,24,17,2.5297619047619047,0.13515662267451106
exchange2,0x4ed2a20,1,32bits,4176,32,9,1.3392857142857142,0.07155350612179996
exchange2,0x4ed2a20,1,32bits,4176,136,8,1.1904761904761905,0.06360311655271109
exchange2,0x4ed0480,1,32bits,4176,0,7,1.1986301369863013,0.0556527269836222
exchange2,0x4ed0480,1,32bits,4176,36,7,1.1986301369863013,0.0556527269836222
exchange2,0x4ed0480,1,32bits,4176,192,6,1.0273972602739727,0.047702337414533315
exchange2,0x4ed0480,1,32bits,4176,136,6,1.0273972602739727,0.047702337414533315
exchange2,0x4ed0480,1,32bits,4176,128,5,0.8561643835616438,0.039751947845444426
exchange2,0x4ed0600,1,object,8192,64,1,0.18050541516245489,0.007950389569088886
exchange2,0x4ed0600,1,object,8192,16,1,0.18050541516245489,0.007950389569088886
exchange2,0x4ed0600,1,object,8192,88,1,0.18050541516245489,0.007950389569088886
exchange2,0x4ed0600,1,object,8192,32,1,0.18050541516245489,0.007950389569088886
exchange2,0x4ed0600,1,object,8192,0,1,0.18050541516245489,0.007950389569088886
fotonik,0x24eea060,1,64bits,64756968,2123288,9,2.2829481352993778e-05,2.3757244610062592e-06
fotonik,0x24eea060,1,64bits,64756968,2490088,9,2.2829481352993778e-05,2.3757244610062592e-06
fotonik,0x24eea060,1,64bits,64756968,2257432,9,2.2829481352993778e-05,2.3757244610062592e-06
fotonik,0x24eea060,1,64bits,64756968,2453408,9,2.2829481352993778e-05,2.3757244610062592e-06
fotonik,0x24eea060,1,64bits,64756968,2109664,9,2.2829481352993778e-05,2.3757244610062592e-06
fotonik,0x211c1060,1,64bits,64128480,56675880,9,2.2875880454512226e-05,2.3757244610062592e-06
fotonik,0x211c1060,1,64bits,64128480,6466760,9,2.2875880454512226e-05,2.3757244610062592e-06
fotonik,0x211c1060,1,64bits,64128480,32317000,9,2.2875880454512226e-05,2.3757244610062592e-06
fotonik,0x211c1060,1,64bits,64128480,19391880,9,2.2875880454512226e-05,2.3757244610062592e-06
fotonik,0x211c1060,1,64bits,64128480,48224840,9,2.2875880454512226e-05,2.3757244610062592e-06
fotonik,0x1d4f0060,1,64bits,63768312,43290528,5,1.2723537605573235e-05,1.3198469227812551e-06
fotonik,0x1d4f0060,1,64bits,63768312,43282432,5,1.2723537605573235e-05,1.3198469227812551e-06
fotonik,0x1d4f0060,1,64bits,63768312,43291064,5,1.2723537605573235e-05,1.3198469227812551e-06
fotonik,0x1d4f0060,1,64bits,63768312,43289000,5,1.2723537605573235e-05,1.3198469227812551e-06
fotonik,0x1d4f0060,1,64bits,63768312,43282264,5,1.2723537605573235e-05,1.3198469227812551e-06
fotonik,0x19820060,1,64bits,63764480,11290336,5,1.2824785118160388e-05,1.3198469227812551e-06
fotonik,0x19820060,1,64bits,63764480,11282400,5,1.2824785118160388e-05,1.3198469227812551e-06
fotonik,0x19820060,1,64bits,63764480,11295920,5,1.2824785118160388e-05,1.3198469227812551e-06
fotonik,0x19820060,1,64bits,63764480,11289088,5,1.2824785118160388e-05,1.3198469227812551e-06
fotonik,0x19820060,1,64bits,63764480,11278208,5,1.2824785118160388e-05,1.3198469227812551e-06
fotonik,0x11f18060,1,64bits,63273984,21104856,8,2.052900368434029e-05,2.111755076450008e-06
fotonik,0x11f18060,1,64bits,63273984,19143504,8,2.052900368434029e-05,2.111755076450008e-06
fotonik,0x11f18060,1,64bits,63273984,21104952,8,2.052900368434029e-05,2.111755076450008e-06
fotonik,0x11f18060,1,64bits,63273984,21104880,8,2.052900368434029e-05,2.111755076450008e-06
fotonik,0x11f18060,1,64bits,63273984,2466568,8,2.052900368434029e-05,2.111755076450008e-06
fotonik,0x15b70060,1,64bits,63635184,3763328,5,1.28889079759295e-05,1.3198469227812551e-06
fotonik,0x15b70060,1,64bits,63635184,3761824,5,1.28889079759295e-05,1.3198469227812551e-06
fotonik,0x15b70060,1,64bits,63635184,3766344,5,1.28889079759295e-05,1.3198469227812551e-06
fotonik,0x15b70060,1,64bits,63635184,3762312,5,1.28889079759295e-05,1.3198469227812551e-06
fotonik,0x15b70060,1,64bits,63635184,3761216,5,1.28889079759295e-05,1.3198469227812551e-06
fotonik,0xd3e2060,1,object,27072000,1127952,1,4.9251379038613084e-06,2.63969384556251e-07
fotonik,0xa03e060,1,object,27072000,450928,1,4.9251379038613084e-06,2.63969384556251e-07
fotonik,0xba10060,1,object,27072000,23232008,1,4.9251379038613084e-06,2.63969384556251e-07
fotonik,0xba10060,1,object,27072000,23006550,1,4.9251379038613084e-06,2.63969384556251e-07
fotonik,0xd3e2060,1,object,27072000,902118,1,4.9251379038613084e-06,2.63969384556251e-07
fotonik,0xa03e060,1,object,27072000,225424,1,4.9251379038613084e-06,2.63969384556251e-07
fotonik,0xba10060,1,object,27072000,23232303,1,4.9251379038613084e-06,2.63969384556251e-07
fotonik,0xd3e2060,1,object,27072000,1353348,1,4.9251379038613084e-06,2.63969384556251e-07
fotonik,0xa03e060,1,object,27072000,451160,1,4.9251379038613084e-06,2.63969384556251e-07
fotonik,0xba10060,1,object,27072000,23006703,1,4.9251379038613084e-06,2.63969384556251e-07
fotonik,0xd3e2060,1,object,27072000,1127776,1,4.9251379038613084e-06,2.63969384556251e-07
fotonik,0xa03e060,1,object,27072000,225530,1,4.9251379038613084e-06,2.63969384556251e-07
fotonik,0xba10060,1,object,27072000,22781002,1,4.9251379038613084e-06,2.63969384556251e-07
fotonik,0xd3e2060,1,object,27072000,902090,1,4.9251379038613084e-06,2.63969384556251e-07
fotonik,0xa03e060,1,object,27072000,225359,1,4.9251379038613084e-06,2.63969384556251e-07
fotonik,0xedb4060,1,64bits,25890816,7575288,4,3.0898987501977537e-05,1.055877538225004e-06
fotonik,0xedb4060,1,64bits,25890816,7561952,4,3.0898987501977537e-05,1.055877538225004e-06
fotonik,0xedb4060,1,64bits,25890816,7577560,4,3.0898987501977537e-05,1.055877538225004e-06
fotonik,0xedb4060,1,64bits,25890816,7563000,4,3.0898987501977537e-05,1.055877538225004e-06
fotonik,0xedb4060,1,64bits,25890816,7560696,4,3.0898987501977537e-05,1.055877538225004e-06
gcc,0x4cca620,1,object,65536,45416,2793,13.921148382594826,1.0310267815943446
gcc,0x4cca620,1,object,65536,45424,2793,13.921148382594826,1.0310267815943446
gcc,0x4cca620,1,object,65536,33768,699,3.48402532024124,0.2580335554366083
gcc,0x4cca620,1,object,65536,33762,89,0.443602651647311,0.03285405784529061
gcc,0x4cca620,1,object,65536,45386,89,0.443602651647311,0.03285405784529061
gcc,0x4cf0a80,1,object,65536,20770,938,4.797953964194374,0.3462596208863213
gcc,0x4cf0a80,1,object,65536,20738,938,4.797953964194374,0.3462596208863213
gcc,0x4cf0a80,1,object,65536,20744,937,4.792838874680307,0.34589047416895846
gcc,0x4cf0a80,1,object,65536,20776,937,4.792838874680307,0.34589047416895846
gcc,0x4cf0a80,1,object,65536,16448,41,0.20971867007672634,0.01513501541187545
gcc,0x4bbce00,1,object,65536,48720,1873,9.588409951878775,0.691411801620554
gcc,0x4bbce00,1,object,65536,21152,1214,6.214804955462271,0.44814411487845845
gcc,0x4bbce00,1,object,65536,4664,823,4.213166786116515,0.30380774838959745
gcc,0x4bbce00,1,object,65536,4648,315,1.6125729497286783,0.11628121596928699
gcc,0x4bbce00,1,object,65536,4668,247,1.2644619637555032,0.09117923918861552
gcc,0x4c33b60,1,object,65536,1176,16,0.11513276246671944,0.0059063474778050535
gcc,0x4c33b60,1,object,65536,51592,5,0.035978988270849825,0.0018457335868140793
gcc,0x4c33b60,1,object,65536,51112,5,0.035978988270849825,0.0018457335868140793
gcc,0x4c33b60,1,object,65536,52232,5,0.035978988270849825,0.0018457335868140793
gcc,0x4c33b60,1,object,65536,51912,5,0.035978988270849825,0.0018457335868140793
gcc,0x4ca91a0,1,object,65536,3672,16,0.11644832605531295,0.0059063474778050535
gcc,0x4ca91a0,1,object,65536,11752,5,0.036390101892285295,0.0018457335868140793
gcc,0x4ca91a0,1,object,65536,11672,5,0.036390101892285295,0.0018457335868140793
gcc,0x4ca91a0,1,object,65536,36664,5,0.036390101892285295,0.0018457335868140793
gcc,0x4ca91a0,1,object,65536,36504,5,0.036390101892285295,0.0018457335868140793
gcc,0x4c55800,1,object,65536,2040,16,0.12234286588163328,0.0059063474778050535
gcc,0x4c55800,1,object,65536,3064,5,0.0382321455880104,0.0018457335868140793
gcc,0x4c55800,1,object,65536,2424,5,0.0382321455880104,0.0018457335868140793
gcc,0x4c55800,1,object,65536,3224,5,0.0382321455880104,0.0018457335868140793
gcc,0x4c55800,1,object,65536,3144,5,0.0382321455880104,0.0018457335868140793
gcc,0x4cdafe0,1,object,65536,19552,753,5.932403687071615,0.2779674781742003
gcc,0x4cdafe0,1,object,65536,37720,76,0.5987552194122745,0.028055150519574006
gcc,0x4cdafe0,1,object,65536,37128,43,0.33876940045694476,0.01587330884660108
gcc,0x4cdafe0,1,object,65536,37232,43,0.33876940045694476,0.01587330884660108
gcc,0x4cdafe0,1,object,65536,50433,42,0.3308910423067833,0.015504162129238266
gcc,0x4cb9c60,1,object,65536,920,16,0.1275306870715766,0.0059063474778050535
gcc,0x4cb9c60,1,object,65536,22264,5,0.03985333970986769,0.0018457335868140793
gcc,0x4cb9c60,1,object,65536,22184,5,0.03985333970986769,0.0018457335868140793
gcc,0x4cb9c60,1,object,65536,22744,5,0.03985333970986769,0.0018457335868140793
gcc,0x4cb9c60,1,object,65536,22584,5,0.03985333970986769,0.0018457335868140793
gcc,0x4c990a0,1,object,65536,3928,16,0.128928283642224,0.0059063474778050535
gcc,0x4c990a0,1,object,65536,36760,5,0.040290088638195005,0.0018457335868140793
gcc,0x4c990a0,1,object,65536,37400,5,0.040290088638195005,0.0018457335868140793
gcc,0x4c990a0,1,object,65536,37240,5,0.040290088638195005,0.0018457335868140793
gcc,0x4c990a0,1,object,65536,37080,5,0.040290088638195005,0.0018457335868140793
gcc,0x4c661c0,1,object,65536,3640,16,0.12917810431131924,0.0059063474778050535
gcc,0x4c661c0,1,object,65536,17112,5,0.04036815759728726,0.0018457335868140793
gcc,0x4c661c0,1,object,65536,16152,5,0.04036815759728726,0.0018457335868140793
gcc,0x4c661c0,1,object,65536,17752,5,0.04036815759728726,0.0018457335868140793
gcc,0x4c661c0,1,object,65536,17432,5,0.04036815759728726,0.0018457335868140793
imagick,0x4bd43a0,1,object,2304071,2035928,2,0.00017361096040715242,6.315579397569513e-05
imagick,0x4bd43a0,1,object,2304071,2035896,2,0.00017361096040715242,6.315579397569513e-05
imagick,0x4bd43a0,1,object,2304071,2035944,2,0.00017361096040715242,6.315579397569513e-05
imagick,0x4bd43a0,1,object,2304071,2035936,2,0.00017361096040715242,6.315579397569513e-05
imagick,0x4bd43a0,1,object,2304071,2035912,2,0.00017361096040715242,6.315579397569513e-05
imagick,0x4e09ac0,2,64bits,15431,112,540,0.05408648428837712,0.017052064373437682
imagick,0x4e09ac0,2,64bits,15431,80,540,0.05408648428837712,0.017052064373437682
imagick,0x4e09ac0,2,64bits,15431,136,540,0.05408648428837712,0.017052064373437682
imagick,0x4e09ac0,2,64bits,15431,120,540,0.05408648428837712,0.017052064373437682
imagick,0x4e09ac0,2,64bits,15431,72,540,0.05408648428837712,0.017052064373437682
imagick,0x4bc4da0,1,object,4096,3849,211,0.024420787529889423,0.006662936264435836
imagick,0x4bc4da0,1,object,4096,3853,211,0.024420787529889423,0.006662936264435836
imagick,0x4bc4da0,1,object,4096,3845,211,0.024420787529889423,0.006662936264435836
imagick,0x4bc4da0,1,object,4096,3847,211,0.024420787529889423,0.006662936264435836
imagick,0x4bc4da0,1,object,4096,3857,211,0.024420787529889423,0.006662936264435836
imagick,0x4e09ac0,1,64bits,11591,10480,40,0.06944323883265915,0.0012631158795139024
imagick,0x4e09ac0,1,64bits,11591,10464,40,0.06944323883265915,0.0012631158795139024
imagick,0x4e09ac0,1,64bits,11591,10488,40,0.06944323883265915,0.0012631158795139024
imagick,0x4e09ac0,1,64bits,11591,10472,40,0.06944323883265915,0.0012631158795139024
imagick,0x4e09ac0,1,64bits,11591,10448,40,0.06944323883265915,0.0012631158795139024
imagick,0x4bc6200,1,object,57671,92,1,0.0034721016631366966,3.1577896987847564e-05
imagick,0x4bc6200,1,object,57671,70,1,0.0034721016631366966,3.1577896987847564e-05
imagick,0x4bc6200,1,object,57671,88,1,0.0034721016631366966,3.1577896987847564e-05
imagick,0x4bc6200,1,object,57671,74,1,0.0034721016631366966,3.1577896987847564e-05
imagick,0x4bc6200,1,object,57671,64,1,0.0034721016631366966,3.1577896987847564e-05
imagick,0x4e06c60,1,64bits,7751,96,20,0.1041612416019999,0.0006315579397569512
imagick,0x4e06c60,1,64bits,7751,64,20,0.1041612416019999,0.0006315579397569512
imagick,0x4e06c60,1,64bits,7751,104,20,0.1041612416019999,0.0006315579397569512
imagick,0x4e06c60,1,64bits,7751,88,20,0.1041612416019999,0.0006315579397569512
imagick,0x4e06c60,1,64bits,7751,32,20,0.1041612416019999,0.0006315579397569512
imagick,0x4bbe9a0,1,object,13240,13184,1087,26.590019569471625,0.0343251740257903
imagick,0x4bbe9a0,1,object,13240,28,1085,26.541095890410958,0.03426201823181461
imagick,0x4bbe9a0,1,object,13240,12984,9,0.22015655577299412,0.00028420107289062803
imagick,0x4bbe9a0,1,object,13240,624,6,0.14677103718199608,0.00018946738192708538
imagick,0x4bbe9a0,1,object,13240,616,6,0.14677103718199608,0.00018946738192708538
imagick,0x4bc89c0,1,object,5063,1720,3,0.09976720984369804,9.473369096354269e-05
imagick,0x4bc89c0,1,object,5063,1696,3,0.09976720984369804,9.473369096354269e-05
imagick,0x4bc89c0,1,object,5063,1736,3,0.09976720984369804,9.473369096354269e-05
imagick,0x4bc89c0,1,object,5063,1728,3,0.09976720984369804,9.473369096354269e-05
imagick,0x4bc89c0,1,object,5063,1672,3,0.09976720984369804,9.473369096354269e-05
imagick,0x4bb1160,2,object,13240,13184,484,17.126680820948337,0.01528370214211822
imagick,0x4bb1160,2,object,13240,28,483,17.091295116772823,0.015252124245130373
imagick,0x4bb1160,2,object,13240,12984,7,0.24769992922859166,0.00022104527891493293
imagick,0x4bb1160,2,object,13240,13080,4,0.14154281670205238,0.00012631158795139026
imagick,0x4bb1160,2,object,13240,12920,4,0.14154281670205238,0.00012631158795139026
imagick,0x4ba3740,4,object,16792,16752,4,0.17953321364452424,0.00012631158795139026
imagick,0x4ba3740,4,object,16792,12616,4,0.17953321364452424,0.00012631158795139026
imagick,0x4ba3740,4,object,16792,12624,4,0.17953321364452424,0.00012631158795139026
imagick,0x4ba3740,4,object,16792,328,4,0.17953321364452424,0.00012631158795139026
imagick,0x4ba3740,4,object,16792,168,3,0.13464991023339318,9.473369096354269e-05
lbm,0x11c11060,1,64bits,214400000,3203008,21,7.551239909278109e-06,3.7756160106751697e-06
lbm,0x4f99060,1,64bits,214400000,4580032,21,7.551239909278109e-06,3.7756160106751697e-06
lbm,0x11c11060,1,64bits,214400000,3200320,21,7.551239909278109e-06,3.7756160106751697e-06
lbm,0x4f99060,1,64bits,214400000,4579328,21,7.551239909278109e-06,3.7756160106751697e-06
lbm,0x11c11060,1,64bits,214400000,3207456,21,7.551239909278109e-06,3.7756160106751697e-06
lbm,0x4f99060,1,64bits,214400000,4586016,21,7.551239909278109e-06,3.7756160106751697e-06
lbm,0x11c11060,1,64bits,214400000,3206720,21,7.551239909278109e-06,3.7756160106751697e-06
lbm,0x4f99060,1,64bits,214400000,4581352,21,7.551239909278109e-06,3.7756160106751697e-06
lbm,0x11c11060,1,64bits,214400000,3200272,21,7.551239909278109e-06,3.7756160106751697e-06
lbm,0x4f99060,1,64bits,214400000,4581104,21,7.551239909278109e-06,3.7756160106751697e-06
lbm,0x4b99060,1,object,4096,188,1,0.1721170395869191,1.797912386035795e-07
lbm,0x4b99060,1,object,4096,446,1,0.1721170395869191,1.797912386035795e-07
lbm,0x4b99060,1,object,4096,271,1,0.1721170395869191,1.797912386035795e-07
lbm,0x4b99060,1,object,4096,540,1,0.1721170395869191,1.797912386035795e-07
lbm,0x4b99060,1,object,4096,53,1,0.1721170395869191,1.797912386035795e-07
leela,0x4daa040,1,object,1048576,776184,2,0.00016954210069444444,2.7458498367489304e-06
leela,0x4eaa0a0,1,object,1048576,875552,2,0.00016954210069444444,2.7458498367489304e-06
leela,0x4daa040,1,object,1048576,775144,2,0.00016954210069444444,2.7458498367489304e-06
leela,0x4eaa0a0,1,object,1048576,873912,2,0.00016954210069444444,2.7458498367489304e-06
leela,0x4daa040,1,object,1048576,781216,2,0.00016954210069444444,2.7458498367489304e-06
leela,0x4eaa0a0,1,object,1048576,886272,2,0.00016954210069444444,2.7458498367489304e-06
leela,0x4eaa0a0,1,object,1048576,882744,2,0.00016954210069444444,2.7458498367489304e-06
leela,0x4daa040,1,object,1048576,777864,2,0.00016954210069444444,2.7458498367489304e-06
leela,0x4eaa0a0,1,object,1048576,872832,2,0.00016954210069444444,2.7458498367489304e-06
leela,0x4daa040,1,object,1048576,770208,2,0.00016954210069444444,2.7458498367489304e-06
leela,0x5998060,1,32bits,3200000,2831912,8168,0.9342363064267635,0.01121405073328263
leela,0x5998060,1,32bits,3200000,2831904,8168,0.9342363064267635,0.01121405073328263
leela,0x5998060,1,32bits,3200000,2831916,8167,0.9341219288182391,0.011212677808364256
leela,0x5998060,1,32bits,3200000,236024,7141,0.816770502472272,0.009804056842112056
leela,0x5998060,1,32bits,3200000,1630400,7141,0.816770502472272,0.009804056842112056
leela,0x6198060,77,object,4135600,1923912,3,0.0011176431142007734,4.118774755123395e-06
leela,0x6598060,69,object,4135600,41792,3,0.0011176431142007734,4.118774755123395e-06
leela,0x6198060,83,object,4135600,911504,3,0.0011176431142007734,4.118774755123395e-06
leela,0x6598060,69,object,4135600,1113672,3,0.0011176431142007734,4.118774755123395e-06
leela,0x6198060,77,object,4135600,1628512,3,0.0011176431142007734,4.118774755123395e-06
leela,0x6198060,83,object,4135600,346000,3,0.0011176431142007734,4.118774755123395e-06
leela,0x6198060,83,object,4135600,1341552,3,0.0011176431142007734,4.118774755123395e-06
leela,0x6598060,69,object,4135600,286944,3,0.0011176431142007734,4.118774755123395e-06
leela,0x6198060,77,object,4135600,776072,3,0.0011176431142007734,4.118774755123395e-06
leela,0x6198060,83,object,4135600,1780800,3,0.0011176431142007734,4.118774755123395e-06
leela,0x6598060,69,object,4135600,1738232,3,0.0011176431142007734,4.118774755123395e-06
leela,0x6198060,77,object,4135600,540144,3,0.0011176431142007734,4.118774755123395e-06
leela,0x6198060,83,object,4135600,1805752,3,0.0011176431142007734,4.118774755123395e-06
leela,0x6598060,69,object,4135600,1324672,3,0.0011176431142007734,4.118774755123395e-06
leela,0x6198060,77,object,4135600,1290912,3,0.0011176431142007734,4.118774755123395e-06
leela,0x6598060,58,object,4118720,945264,3,0.0011221497396612604,4.118774755123395e-06
leela,0x6598060,64,object,4118720,2000264,3,0.0011221497396612604,4.118774755123395e-06
leela,0x6598060,56,object,4118720,8424,3,0.0011221497396612604,4.118774755123395e-06
leela,0x6598060,68,object,4135600,2042464,3,0.0011221497396612604,4.118774755123395e-06
leela,0x6598060,58,object,4118720,75944,3,0.0011221497396612604,4.118774755123395e-06
leela,0x6598060,56,object,4118720,1797312,3,0.0011221497396612604,4.118774755123395e-06
leela,0x6598060,68,object,4135600,151880,3,0.0011221497396612604,4.118774755123395e-06
leela,0x6598060,64,object,4118720,962120,3,0.0011221497396612604,4.118774755123395e-06
leela,0x6598060,58,object,4118720,843960,3,0.0011221497396612604,4.118774755123395e-06
leela,0x6598060,68,object,4135600,919920,3,0.0011221497396612604,4.118774755123395e-06
leela,0x6598060,56,object,4118720,202544,3,0.0011221497396612604,4.118774755123395e-06
leela,0x6598060,64,object,4118720,624152,3,0.0011221497396612604,4.118774755123395e-06
leela,0x6598060,58,object,4118720,1823024,3,0.0011221497396612604,4.118774755123395e-06
leela,0x6598060,68,object,4135600,818272,3,0.0011221497396612604,4.118774755123395e-06
leela,0x6598060,56,object,4118720,2050512,3,0.0011221497396612604,4.118774755123395e-06
leela,0x6598060,64,object,4118720,405104,3,0.0011221497396612604,4.118774755123395e-06
leela,0x6598060,58,object,4118720,1501912,3,0.0011221497396612604,4.118774755123395e-06
leela,0x6598060,68,object,4135600,1029272,3,0.0011221497396612604,4.118774755123395e-06
leela,0x6598060,56,object,4118720,1645760,3,0.0011221497396612604,4.118774755123395e-06
leela,0x6598060,64,object,4118720,936800,3,0.0011221497396612604,4.118774755123395e-06
mcf,0x4c4eaa0,1,64bits,136352,8688,84674,0.045957632852670065,0.01491113753425433
mcf,0x4c4eaa0,1,64bits,136352,2864,84594,0.04591421207854562,0.014897049490666683
mcf,0x4c4eaa0,1,64bits,136352,5904,84494,0.04585993611089006,0.014879439436182126
mcf,0x4c4eaa0,1,64bits,136352,7632,84060,0.04562437841126492,0.014803011799719146
mcf,0x4c4eaa0,1,64bits,136352,15120,84052,0.045620036333852476,0.014801602995360381
mcf,0x5c5c060,1,64bits,151373088,7373104,657014,0.5422491119229984,0.11570052337117148
mcf,0x5c5c060,1,64bits,151373088,7373088,657014,0.5422491119229984,0.11570052337117148
mcf,0x5c5c060,1,64bits,151373088,7373112,657014,0.5422491119229984,0.11570052337117148
mcf,0x5c5c060,1,64bits,151373088,7373096,657014,0.5422491119229984,0.11570052337117148
mcf,0x5c5c060,1,64bits,151373088,7373144,657014,0.5422491119229984,0.11570052337117148
mcf,0x4c4eaa0,3,64bits,136352,84208,24172,0.025611483980897257,0.004256702370007271
mcf,0x4c4eaa0,3,64bits,136352,102064,23808,0.025225807157752852,0.004192601771683481
mcf,0x4c4eaa0,3,64bits,136352,31952,23728,0.025141043020798035,0.004178513728095835
mcf,0x4c4eaa0,3,64bits,136352,12688,23706,0.02511773288313546,0.0041746395161092326
mcf,0x4c4eaa0,3,64bits,136352,64336,23592,0.024996943987974852,0.004154564053996837
mcf,0x4c4eaa0,2,64bits,136352,24016,19786,0.0712406377394488,0.003484325380314573
mcf,0x4c4eaa0,2,64bits,136352,68656,19694,0.07090938641669385,0.0034681241301887803
mcf,0x4c4eaa0,2,64bits,136352,18896,19518,0.07027568823403223,0.0034371304342959586
mcf,0x4c4eaa0,2,64bits,136352,67184,19188,0.06908750414154168,0.0033790172544969185
mcf,0x4c4eaa0,2,64bits,136352,68848,19130,0.06887867178589181,0.003368803422895875
mcf,0x17d16060,1,64bits,16000000,8014328,70,0.0002841254330984861,1.2327038139190342e-05
mcf,0x17d16060,1,64bits,16000000,8014336,66,0.0002678896940642869,1.1622635959808037e-05
mcf,0x17d16060,1,64bits,16000000,8014344,65,0.00026383075930573705,1.1446535414962461e-05
mcf,0x17d16060,1,64bits,16000000,12337032,63,0.00025571288978863747,1.1094334325271309e-05
mcf,0x17d16060,1,64bits,16000000,8014352,62,0.0002516539550300877,1.0918233780425732e-05
mcf,0x17d16060,2,64bits,295373088,7670576,60,0.0002447832507550237,1.056603269073458e-05
mcf,0x17d16060,2,64bits,295373088,7667696,60,0.0002447832507550237,1.056603269073458e-05
mcf,0x17d16060,2,64bits,295373088,7670520,56,0.00022846436737135548,9.861630511352273e-06
mcf,0x17d16060,2,64bits,295373088,7667640,56,0.00022846436737135548,9.861630511352273e-06
mcf,0x17d16060,2,64bits,295373088,7670584,52,0.00021214548398768723,9.157228331969968e-06
mcf,0x296c7060,1,64bits,295373088,56,29,0.0001627397380810538,5.106915800521714e-06
mcf,0x296c7060,1,64bits,295373088,322904,29,0.0001627397380810538,5.106915800521714e-06
mcf,0x296c7060,1,64bits,295373088,565040,28,0.0001571280229748106,4.930815255676137e-06
mcf,0x296c7060,1,64bits,295373088,267536,28,0.0001571280229748106,4.930815255676137e-06
mcf,0x296c7060,1,64bits,295373088,325712,28,0.0001571280229748106,4.930815255676137e-06
mcf,0xecb9060,1,64bits,151373088,16357640,8,5.245903703306375e-05,1.4088043587646106e-06
mcf,0xecb9060,1,64bits,151373088,10597424,8,5.245903703306375e-05,1.4088043587646106e-06
mcf,0xecb9060,1,64bits,151373088,14049176,8,5.245903703306375e-05,1.4088043587646106e-06
mcf,0xecb9060,1,64bits,151373088,71899592,7,4.5901657403930785e-05,1.2327038139190342e-06
mcf,0xecb9060,1,64bits,151373088,16706624,7,4.5901657403930785e-05,1.2327038139190342e-06
mcf,0x5c5c060,2,64bits,31984640,540064,1144,0.009165708967588643,0.00020145902330333932
mcf,0x5c5c060,2,64bits,31984640,540072,1142,0.00914968500086209,0.00020110682221364815
mcf,0x5c5c060,2,64bits,31984640,540080,1140,0.009133661034135536,0.00020075462112395702
mcf,0x5c5c060,2,64bits,31984640,540088,1138,0.009117637067408983,0.00020040242003426586
mcf,0x5c5c060,2,64bits,31984640,540096,1136,0.009101613100682429,0.0002000502189445747
mcf,0x4a4c360,1,32bits,1245088,1245040,71851,0.6547729596109582,0.012653000247699504
mcf,0x4a4c360,1,32bits,1245088,1245048,71851,0.6547729596109582,0.012653000247699504
mcf,0x4a4c360,1,32bits,1245088,1245000,14607,0.13311253317333463,0.0025723006585593334
mcf,0x4a4c360,1,32bits,1245088,1245072,11244,0.10246575771896861,0.0019800745262436603
mcf,0x4a4c360,1,32bits,1245088,816384,5556,0.050631425639148846,0.0009784146271620221
nab,0x4cf28c0,1,32bits,4224,192,16,1.4814814814814814,0.4455583402951824
nab,0x4cf28c0,1,32bits,4224,16,16,1.4814814814814814,0.4455583402951824
nab,0x4cf28c0,1,32bits,4224,720,16,1.4814814814814814,0.4455583402951824
nab,0x4cf28c0,1,32bits,4224,544,16,1.4814814814814814,0.4455583402951824
nab,0x4cf28c0,1,32bits,4224,368,16,1.4814814814814814,0.4455583402951824
nab,0x4d00a60,1,32bits,4960,20,3,0.3194888178913738,0.0835421888053467
nab,0x4d00a60,1,32bits,4960,8,3,0.3194888178913738,0.0835421888053467
nab,0x4d00a60,1,32bits,4960,24,3,0.3194888178913738,0.0835421888053467
nab,0x4d00a60,1,32bits,4960,12,3,0.3194888178913738,0.0835421888053467
nab,0x4d00a60,1,32bits,4960,4,3,0.3194888178913738,0.0835421888053467
nab,0x4b99060,1,object,4096,9,11,1.7571884984025559,0.3063213589529379
nab,0x4b99060,1,object,4096,2,11,1.7571884984025559,0.3063213589529379
nab,0x4b99060,1,object,4096,10,11,1.7571884984025559,0.3063213589529379
nab,0x4b99060,1,object,4096,5,11,1.7571884984025559,0.3063213589529379
nab,0x4b99060,1,object,4096,0,11,1.7571884984025559,0.3063213589529379
nab,0x4d0d5e0,1,32bits,5952,392,1,0.3194888178913738,0.0278473962684489
nab,0x4d06100,1,32bits,5952,2360,1,0.3194888178913738,0.0278473962684489
nab,0x4d01e20,1,32bits,5952,528,1,0.3194888178913738,0.0278473962684489
nab,0x4d06100,1,32bits,5952,2404,1,0.3194888178913738,0.0278473962684489
nab,0x4d01e20,1,32bits,5952,816,1,0.3194888178913738,0.0278473962684489
nab,0x4d0d5e0,1,32bits,5952,532,1,0.3194888178913738,0.0278473962684489
nab,0x4d06100,1,32bits,5952,2264,1,0.3194888178913738,0.0278473962684489
nab,0x4d0d5e0,1,32bits,5952,340,1,0.3194888178913738,0.0278473962684489
nab,0x4d01e20,1,32bits,5952,536,1,0.3194888178913738,0.0278473962684489
nab,0x4d06100,1,32bits,5952,2352,1,0.3194888178913738,0.0278473962684489
nab,0x4d01e20,1,32bits,5952,576,1,0.3194888178913738,0.0278473962684489
nab,0x4d0d5e0,1,32bits,5952,384,1,0.3194888178913738,0.0278473962684489
nab,0x4d01e20,1,32bits,5952,864,1,0.3194888178913738,0.0278473962684489
nab,0x4d0d5e0,1,32bits,5952,624,1,0.3194888178913738,0.0278473962684489
nab,0x4d06100,1,32bits,5952,2544,1,0.3194888178913738,0.0278473962684489
nab,0x4bb6ba0,1,64bits,1280000,48,1,14.285714285714286,0.0278473962684489
nab,0x4bb6ba0,1,64bits,1280000,24,1,14.285714285714286,0.0278473962684489
nab,0x4bb6ba0,1,64bits,1280000,0,1,14.285714285714286,0.0278473962684489
nab,0x4bb6ba0,1,64bits,1280000,40,1,14.285714285714286,0.0278473962684489
nab,0x4bb6ba0,1,64bits,1280000,8,1,14.285714285714286,0.0278473962684489
namd,0x5cc8340,4,64bits,7647,0,7884933,2.881766567373828,0.6594246864206167
namd,0x5cc8340,4,64bits,7647,8,4425697,1.617493218005359,0.3701253842509079
namd,0x5cc8340,4,64bits,7647,24,4240486,1.5498027420419138,0.35463600652294897
namd,0x5cc8340,4,64bits,7647,16,3749092,1.3702092311511942,0.31354024396428515
namd,0x5cc8340,4,64bits,7647,48,3605505,1.3177313957517678,0.30153192221328523
namd,0xf765040,1,64bits,22711,13256,145012,0.08553930228981974,0.012127495899740236
namd,0xf765040,1,64bits,22711,13264,145012,0.08553930228981974,0.012127495899740236
namd,0xf765040,1,64bits,22711,13248,145012,0.08553930228981974,0.012127495899740236
namd,0xf765040,1,64bits,22711,13272,144812,0.08542132680877014,0.012110769703425806
namd,0xf765040,1,64bits,22711,13288,144812,0.08542132680877014,0.012110769703425806
namd,0x5cca180,1,64bits,22711,13264,144412,0.08602489812362107,0.012077317310796948
namd,0x5cca180,1,64bits,22711,13256,144412,0.08602489812362107,0.012077317310796948
namd,0x5cca180,1,64bits,22711,13248,144412,0.08602489812362107,0.012077317310796948
namd,0x5cca180,1,64bits,22711,13288,144097,0.08583725552529864,0.01205097355160172
namd,0x5cca180,1,64bits,22711,13272,144097,0.08583725552529864,0.01205097355160172
namd,0x5a55880,1,32bits,89864,34976,12906,0.12056385320804383,0.001079341448170134
namd,0x5a55880,1,32bits,89864,53696,12858,0.12011545208035236,0.001075327161054671
namd,0x5a55880,1,32bits,89864,53792,12666,0.11832184756958648,0.0010592700125928187
namd,0x5a55880,1,32bits,89864,57440,12498,0.11675244362266635,0.001045220007688698
namd,0x5a55880,1,32bits,89864,35072,12330,0.1151830396757462,0.0010311700027845771
namd,0x54eb160,1,64bits,16848,6368,2619,0.13277445376924318,0.00021902954073745398
namd,0x54eb160,1,64bits,16848,6376,2619,0.13277445376924318,0.00021902954073745398
namd,0x54eb160,1,64bits,16848,6360,2619,0.13277445376924318,0.00021902954073745398
namd,0x54eb160,1,64bits,16848,6328,2455,0.12446020771420083,0.00020531405975962182
namd,0x54eb160,1,64bits,16848,6320,2455,0.12446020771420083,0.00020531405975962182
namd,0x54e6f20,1,64bits,16848,6368,2615,0.1326523676038062,0.0002186950168111654
namd,0x54e6f20,1,64bits,16848,6360,2615,0.1326523676038062,0.0002186950168111654
namd,0x54e6f20,1,64bits,16848,6376,2615,0.1326523676038062,0.0002186950168111654
namd,0x54e6f20,1,64bits,16848,6320,2439,0.1237243306255003,0.00020397596405446745
namd,0x54e6f20,1,64bits,16848,6312,2439,0.1237243306255003,0.00020397596405446745
namd,0x54951c0,1,64bits,16512,2256,2675,0.1357757745563812,0.00022371287570549425
namd,0x54951c0,1,64bits,16512,2264,2675,0.1357757745563812,0.00022371287570549425
namd,0x54951c0,1,64bits,16512,2272,2675,0.1357757745563812,0.00022371287570549425
namd,0x54951c0,1,64bits,16512,2232,2551,0.12948186949283308,0.00021334263399054796
namd,0x54951c0,1,64bits,16512,2240,2551,0.12948186949283308,0.00021334263399054796
namd,0x54910e0,1,64bits,16512,2272,2671,0.13570251326541602,0.00022337835177920563
namd,0x54910e0,1,64bits,16512,2256,2671,0.13570251326541602,0.00022337835177920563
namd,0x54910e0,1,64bits,16512,2264,2671,0.13570251326541602,0.00022337835177920563
namd,0x54910e0,1,64bits,16512,2248,2535,0.128792913189004,0.0002120045382853936
namd,0x54910e0,1,64bits,16512,2240,2535,0.128792913189004,0.0002120045382853936
namd,0x5482800,1,64bits,17232,2336,2599,0.13429900466816933,0.00021735692110601103
namd,0x5482800,1,64bits,17232,2328,2599,0.13429900466816933,0.00021735692110601103
namd,0x5482800,1,64bits,17232,2344,2599,0.13429900466816933,0.00021735692110601103
namd,0x5482800,1,64bits,17232,2232,2571,0.13285215121272156,0.0002150152536219909
namd,0x5482800,1,64bits,17232,2240,2571,0.13285215121272156,0.0002150152536219909
namd,0x547e440,1,64bits,17232,2344,2599,0.134419029472885,0.00021735692110601103
namd,0x547e440,1,64bits,17232,2336,2599,0.134419029472885,0.00021735692110601103
namd,0x547e440,1,64bits,17232,2328,2599,0.134419029472885,0.00021735692110601103
namd,0x547e440,1,64bits,17232,2248,2567,0.13276400486990989,0.00021468072969570232
namd,0x547e440,1,64bits,17232,2240,2567,0.13276400486990989,0.00021468072969570232
omnetpp,0x10a53ec0,1,64bits,262152,8,4325415,7.342887179477865,4.734554977237568
omnetpp,0x10a53ec0,1,64bits,262152,24,3133210,5.3189826963682885,3.4295795895262122
omnetpp,0x10a53ec0,1,64bits,262152,48,1707000,2.8978279345146567,1.8684647244587003
omnetpp,0x10a53ec0,1,64bits,262152,56,1434980,2.4360428409313664,1.570714417283975
omnetpp,0x10a53ec0,1,64bits,262152,104,1416710,2.40502742419816,1.5507162623244788
omnetpp,0x17cbe740,1,object,4096,2780,4422,0.024424665730884924,0.004840275929441343
omnetpp,0x17cbe740,1,object,4096,2762,4422,0.024424665730884924,0.004840275929441343
omnetpp,0x17cbe740,1,object,4096,2783,4422,0.024424665730884924,0.004840275929441343
omnetpp,0x17cbe740,1,object,4096,2761,4422,0.024424665730884924,0.004840275929441343
omnetpp,0x17cbe740,1,object,4096,2763,4422,0.024424665730884924,0.004840275929441343
omnetpp,0x4eabb40,2,64bits,5024,5008,29062,24.882701462378847,0.031810967675582155
omnetpp,0x4eabb40,2,64bits,5024,5016,29062,24.882701462378847,0.031810967675582155
omnetpp,0x4eabb40,2,64bits,5024,8,26219,22.44854275831364,0.028699048981009175
omnetpp,0x4eabb40,2,64bits,5024,16,53,0.04537826637898558,5.801325740850094e-05
omnetpp,0x4eabb40,2,64bits,5024,24,53,0.04537826637898558,5.801325740850094e-05
omnetpp,0xd998060,1,64bits,1048576,64,1,0.0008873586881289155,1.094589762424546e-06
omnetpp,0xd998060,1,64bits,1048576,16,1,0.0008873586881289155,1.094589762424546e-06
omnetpp,0xd998060,1,64bits,1048576,88,1,0.0008873586881289155,1.094589762424546e-06
omnetpp,0xd998060,1,64bits,1048576,32,1,0.0008873586881289155,1.094589762424546e-06
omnetpp,0xd998060,1,64bits,1048576,0,1,0.0008873586881289155,1.094589762424546e-06
omnetpp,0xb3d0340,1,64bits,524288,40,1,0.00152587890625,1.094589762424546e-06
omnetpp,0xb3d0340,1,64bits,524288,8,1,0.00152587890625,1.094589762424546e-06
omnetpp,0xb3d0340,1,64bits,524288,48,1,0.00152587890625,1.094589762424546e-06
omnetpp,0xb3d0340,1,64bits,524288,24,1,0.00152587890625,1.094589762424546e-06
omnetpp,0xb3d0340,1,64bits,524288,262144,1,0.00152587890625,1.094589762424546e-06
omnetpp,0x8f00a80,1,64bits,235520,235312,3,0.005095195230897264,3.283769287273638e-06
omnetpp,0x8f00a80,1,64bits,235520,235288,3,0.005095195230897264,3.283769287273638e-06
omnetpp,0x8f00a80,1,64bits,235520,235320,3,0.005095195230897264,3.283769287273638e-06
omnetpp,0x8f00a80,1,64bits,235520,235304,3,0.005095195230897264,3.283769287273638e-06
omnetpp,0x8f00a80,1,64bits,235520,235272,3,0.005095195230897264,3.283769287273638e-06
omnetpp,0x4eabb40,1,64bits,5024,5008,10019,22.88853859685194,0.010966694829731527
omnetpp,0x4eabb40,1,64bits,5024,5016,10019,22.88853859685194,0.010966694829731527
omnetpp,0x4eabb40,1,64bits,5024,8,10002,22.84970187101638,0.01094808680377031
omnetpp,0x4eabb40,1,64bits,5024,24,23,0.052543805542229226,2.517556453576456e-05
omnetpp,0x4eabb40,1,64bits,5024,16,23,0.052543805542229226,2.517556453576456e-05
omnetpp,0x4e42a80,1,object,14400,1160,417,0.9886670776234056,0.0004564439309310357
omnetpp,0x4e42a80,1,object,14400,1304,390,0.9246526625254872,0.00042689000734557296
omnetpp,0x4e42a80,1,object,14400,1176,368,0.8724927687419982,0.00040280903257223295
omnetpp,0x4e42a80,1,object,14400,1168,365,0.8653800559533406,0.00039952526328495934
omnetpp,0x4e42a80,1,object,14400,1152,365,0.8653800559533406,0.00039952526328495934
omnetpp,0xa1156e0,1,64bits,262144,40,1,0.0030517578125,1.094589762424546e-06
omnetpp,0xa1156e0,1,64bits,262144,8,1,0.0030517578125,1.094589762424546e-06
omnetpp,0xa1156e0,1,64bits,262144,48,1,0.0030517578125,1.094589762424546e-06
omnetpp,0xa1156e0,1,64bits,262144,24,1,0.0030517578125,1.094589762424546e-06
omnetpp,0xa1156e0,1,64bits,262144,131072,1,0.0030517578125,1.094589762424546e-06
omnetpp,0x8ec7320,1,64bits,235264,235040,2,0.006793478260869565,2.189179524849092e-06
omnetpp,0x8ec7320,1,64bits,235264,235024,2,0.006793478260869565,2.189179524849092e-06
omnetpp,0x8ec7320,1,64bits,235264,235064,2,0.006793478260869565,2.189179524849092e-06
omnetpp,0x8ec7320,1,64bits,235264,235056,2,0.006793478260869565,2.189179524849092e-06
omnetpp,0x8ec7320,1,64bits,235264,235008,2,0.006793478260869565,2.189179524849092e-06
parest,0x8d17440,1,64bits,8192,6104,12929,0.11468776966572804,0.06162491394842678
parest,0x8d17440,1,64bits,8192,6040,12929,0.11468776966572804,0.06162491394842678
parest,0x8d17440,1,64bits,8192,6144,12929,0.11468776966572804,0.06162491394842678
parest,0x8d17440,1,64bits,8192,6136,12929,0.11468776966572804,0.06162491394842678
parest,0x8d17440,1,64bits,8192,5976,12929,0.11468776966572804,0.06162491394842678
parest,0x79b1340,10,64bits,51424,48,300,0.015556938394523958,0.0014299229781520638
parest,0x79b1340,10,64bits,51424,24,300,0.015556938394523958,0.0014299229781520638
parest,0x79b1340,10,64bits,51424,56,300,0.015556938394523958,0.0014299229781520638
parest,0x79b1340,10,64bits,51424,40,300,0.015556938394523958,0.0014299229781520638
parest,0x79b1340,10,64bits,51424,8,300,0.015556938394523958,0.0014299229781520638
parest,0xad98060,1,64bits,3611424,64336,57,0.004469312290451981,0.0002716853658488921
parest,0xad98060,1,64bits,3611424,2460000,57,0.004469312290451981,0.0002716853658488921
parest,0xad98060,1,64bits,3611424,1332480,57,0.004469312290451981,0.0002716853658488921
parest,0xad98060,1,64bits,3611424,64832,57,0.004469312290451981,0.0002716853658488921
parest,0xad98060,1,64bits,3611424,628160,57,0.004469312290451981,0.0002716853658488921
parest,0x13d98060,1,32bits,1805712,1784976,2,0.00022151926774590855,9.532819854347092e-06
parest,0x13d98060,1,32bits,1805712,1784964,2,0.00022151926774590855,9.532819854347092e-06
parest,0x13d98060,1,32bits,1805712,1784980,2,0.00022151926774590855,9.532819854347092e-06
parest,0x13d98060,1,32bits,1805712,1784968,2,0.00022151926774590855,9.532819854347092e-06
parest,0x13d98060,1,32bits,1805712,1784956,2,0.00022151926774590855,9.532819854347092e-06
parest,0x7b14f80,1,32bits,2622624,1778904,2,0.00024809832632869056,9.532819854347092e-06
parest,0x7b14f80,1,32bits,2622624,1778896,2,0.00024809832632869056,9.532819854347092e-06
parest,0x7b14f80,1,32bits,2622624,1778916,2,0.00024809832632869056,9.532819854347092e-06
parest,0x7b14f80,1,32bits,2622624,1778912,2,0.00024809832632869056,9.532819854347092e-06
parest,0x7b14f80,1,32bits,2622624,1778892,2,0.00024809832632869056,9.532819854347092e-06
parest,0x525fee0,4,64bits,51424,9904,54,0.015811850689279566,0.0002573861360673715
parest,0x5253400,5,64bits,51424,2160,54,0.015811850689279566,0.0002573861360673715
parest,0x525fee0,4,64bits,51424,9424,54,0.015811850689279566,0.0002573861360673715
parest,0x5253400,5,64bits,51424,2136,54,0.015811850689279566,0.0002573861360673715
parest,0x525fee0,4,64bits,51424,10008,54,0.015811850689279566,0.0002573861360673715
parest,0x5253400,5,64bits,51424,2288,54,0.015811850689279566,0.0002573861360673715
parest,0x5253400,5,64bits,51424,2264,54,0.015811850689279566,0.0002573861360673715
parest,0x525fee0,4,64bits,51424,9936,54,0.015811850689279566,0.0002573861360673715
parest,0x525fee0,4,64bits,51424,9408,54,0.015811850689279566,0.0002573861360673715
parest,0x5253400,5,64bits,51424,1960,54,0.015811850689279566,0.0002573861360673715
parest,0x79ca5c0,8,64bits,51424,48,50,0.015556938394523958,0.0002383204963586773
parest,0x54a2260,2,64bits,51424,47456,50,0.015556938394523958,0.0002383204963586773
parest,0x79ca5c0,8,64bits,51424,24,50,0.015556938394523958,0.0002383204963586773
parest,0x54a2260,2,64bits,51424,47416,50,0.015556938394523958,0.0002383204963586773
parest,0x79ca5c0,8,64bits,51424,56,50,0.015556938394523958,0.0002383204963586773
parest,0x54a2260,2,64bits,51424,47464,50,0.015556938394523958,0.0002383204963586773
parest,0x79ca5c0,8,64bits,51424,40,50,0.015556938394523958,0.0002383204963586773
parest,0x54a2260,2,64bits,51424,47440,50,0.015556938394523958,0.0002383204963586773
parest,0x79ca5c0,8,64bits,51424,8,50,0.015556938394523958,0.0002383204963586773
parest,0x54a2260,2,64bits,51424,47400,50,0.015556938394523958,0.0002383204963586773
parest,0x88682e0,1,64bits,25712,48,99,0.031113876789047916,0.0004718745827901811
parest,0x88682e0,1,64bits,25712,24,99,0.031113876789047916,0.0004718745827901811
parest,0x88682e0,1,64bits,25712,56,99,0.031113876789047916,0.0004718745827901811
parest,0x88682e0,1,64bits,25712,40,99,0.031113876789047916,0.0004718745827901811
parest,0x88682e0,1,64bits,25712,8,99,0.031113876789047916,0.0004718745827901811
perlbench,0x4c50320,1,32bits,5440,832,1288461,12.136120816690992,6.882838680769087
perlbench,0x4c50320,1,32bits,5440,840,807037,7.601548308827235,4.311116502875789
perlbench,0x4c50320,1,32bits,5440,848,807033,7.601510632496118,4.3110951352482685
perlbench,0x4c50320,1,32bits,5440,880,653246,6.152978149140814,3.489579301862985
perlbench,0x4c50320,1,32bits,5440,856,652420,6.145197986765247,3.4851668867799397
perlbench,0x4b9e280,1,object,8096,616,165103,3.5981707415409656,0.8819648516416241
perlbench,0x4b9e280,1,object,8096,640,163839,3.570623768940178,0.8752126813450516
perlbench,0x4b9e280,1,object,8096,632,163839,3.570623768940178,0.8752126813450516
perlbench,0x4b9e280,1,object,8096,624,163839,3.570623768940178,0.8752126813450516
perlbench,0x4b9e280,1,object,8096,620,163837,3.570580181958215,0.8752019975312911
perlbench,0x4bcbd40,1,32bits,4800,336,971,1.4372196977546217,0.005186991580673985
perlbench,0x4bcbd40,1,32bits,4800,348,971,1.4372196977546217,0.005186991580673985
perlbench,0x4bcbd40,1,32bits,4800,344,971,1.4372196977546217,0.005186991580673985
perlbench,0x4bcbd40,1,32bits,4800,352,971,1.4372196977546217,0.005186991580673985
perlbench,0x4bcbd40,1,32bits,4800,372,539,0.7977975459214636,0.0028792878084276806
perlbench,0x4bcbb60,2,object,8192,28,6,0.01896273821939888,3.205144128119867e-05
perlbench,0x4bcbb60,2,object,8192,16,6,0.01896273821939888,3.205144128119867e-05
perlbench,0x4bcbb60,2,object,8192,30,6,0.01896273821939888,3.205144128119867e-05
perlbench,0x4bcbb60,2,object,8192,26,6,0.01896273821939888,3.205144128119867e-05
perlbench,0x4bcbb60,2,object,8192,0,6,0.01896273821939888,3.205144128119867e-05
perlbench,0x4bd1820,1,object,8200,0,1443,8.091740032523973,0.007708371628128281
perlbench,0x4bd1820,1,object,8200,1,722,4.048673806987047,0.0038568567675042404
perlbench,0x4bd1820,1,object,8200,2,654,3.667358268378848,0.0034936070996506555
perlbench,0x4bd1820,1,object,8200,3,641,3.594459709527281,0.003424162310208058
perlbench,0x4bd1820,1,object,8200,4,637,3.5720293837267985,0.003402794682687259
perlbench,0x4c262e0,1,object,8224,0,1133,6.420354734515782,0.006052380495266349
perlbench,0x4c262e0,1,object,8224,1,566,3.2073440244800815,0.003023519294193075
perlbench,0x4c262e0,1,object,8224,2,520,2.94667648892163,0.002777791577703885
perlbench,0x4c262e0,1,object,8224,3,509,2.884342947809826,0.0027190306020216876
perlbench,0x4c262e0,1,object,8224,4,480,2.720009066696889,0.002564115302495894
perlbench,0x4c5ff00,1,object,16384,0,240,2.6178010471204187,0.001282057651247947
perlbench,0x4c5ff00,1,object,16384,10978,18,0.19633507853403143,9.615432384359602e-05
perlbench,0x4c5ff00,1,object,16384,9952,18,0.19633507853403143,9.615432384359602e-05
perlbench,0x4c5ff00,1,object,16384,12090,17,0.18542757417102967,9.081241696339623e-05
perlbench,0x4c5ff00,1,object,16384,9984,17,0.18542757417102967,9.081241696339623e-05
perlbench,0x4bf2600,1,object,16384,0,237,3.0118185284025922,0.0012660319306073476
perlbench,0x4bf2600,1,object,16384,13272,33,0.41936713686618377,0.0001762829270465927
perlbench,0x4bf2600,1,object,16384,13304,33,0.41936713686618377,0.0001762829270465927
perlbench,0x4bf2600,1,object,16384,13312,31,0.39395094675308173,0.00016559911328619314
perlbench,0x4bf2600,1,object,16384,13288,22,0.27957809124412253,0.00011752195136439513
perlbench,0x4bd9be0,1,object,16384,1594,319,4.95957711442786,0.0017040682947837295
perlbench,0x4bd9be0,1,object,16384,1608,315,4.897388059701493,0.0016827006672629303
perlbench,0x4bd9be0,1,object,16384,0,235,3.6536069651741294,0.001255348116846948
perlbench,0x4bd9be0,1,object,16384,13258,14,0.21766169154228857,7.47866963227969e-05
perlbench,0x4bd9be0,1,object,16384,2608,12,0.1865671641791045,6.410288256239734e-05
perlbench,0x4c2ee60,1,object,16384,0,237,3.869387755102041,0.0012660319306073476
perlbench,0x4c2ee60,1,object,16384,8680,12,0.19591836734693877,6.410288256239734e-05
perlbench,0x4c2ee60,1,object,16384,8648,11,0.17959183673469387,5.8760975682197565e-05
perlbench,0x4c2ee60,1,object,16384,4832,11,0.17959183673469387,5.8760975682197565e-05
perlbench,0x4c2ee60,1,object,16384,8688,11,0.17959183673469387,5.8760975682197565e-05
pop2,0x5fef2060,1,32bits,240537600,1813400,2,1.6629416773094934e-06,1.927442842431801e-07
pop2,0x5fef2060,1,32bits,240537600,1812964,2,1.6629416773094934e-06,1.927442842431801e-07
pop2,0x5fef2060,1,32bits,240537600,1813700,2,1.6629416773094934e-06,1.927442842431801e-07
pop2,0x5fef2060,1,32bits,240537600,1813288,2,1.6629416773094934e-06,1.927442842431801e-07
pop2,0x5fef2060,1,32bits,240537600,1812644,2,1.6629416773094934e-06,1.927442842431801e-07
pop2,0x6e458060,10,32bits,6393304,1249844,43,6.256545911159551e-05,4.144002111228372e-06
pop2,0x578b7060,1,32bits,6393304,4244,43,6.256545911159551e-05,4.144002111228372e-06
pop2,0x578b7060,1,32bits,6393304,3688,43,6.256545911159551e-05,4.144002111228372e-06
pop2,0x6e458060,10,32bits,6393304,1249388,43,6.256545911159551e-05,4.144002111228372e-06
pop2,0x578b7060,1,32bits,6393304,5172,43,6.256545911159551e-05,4.144002111228372e-06
pop2,0x6e458060,10,32bits,6393304,1250928,43,6.256545911159551e-05,4.144002111228372e-06
pop2,0x578b7060,1,32bits,6393304,4208,43,6.256545911159551e-05,4.144002111228372e-06
pop2,0x6e458060,10,32bits,6393304,1249640,43,6.256545911159551e-05,4.144002111228372e-06
pop2,0x578b7060,1,32bits,6393304,2300,43,6.256545911159551e-05,4.144002111228372e-06
pop2,0x6e458060,10,32bits,6393304,1248612,43,6.256545911159551e-05,4.144002111228372e-06
pop2,0x6ea71060,4,32bits,6393304,2028012,21,6.256545911159551e-05,2.0238149845533913e-06
pop2,0x6ea71060,2,32bits,6393304,2006108,21,6.256545911159551e-05,2.0238149845533913e-06
pop2,0x6ea71060,1,32bits,6393304,6956,21,6.256545911159551e-05,2.0238149845533913e-06
pop2,0x6ea71060,3,32bits,6393304,254056,21,6.256545911159551e-05,2.0238149845533913e-06
pop2,0x6ea71060,2,32bits,6393304,2004376,21,6.256545911159551e-05,2.0238149845533913e-06
pop2,0x6ea71060,3,32bits,6393304,252864,21,6.256545911159551e-05,2.0238149845533913e-06
pop2,0x6ea71060,1,32bits,6393304,2880,21,6.256545911159551e-05,2.0238149845533913e-06
pop2,0x6ea71060,4,32bits,6393304,2026128,21,6.256545911159551e-05,2.0238149845533913e-06
pop2,0x6ea71060,2,32bits,6393304,2006204,21,6.256545911159551e-05,2.0238149845533913e-06
pop2,0x6ea71060,3,32bits,6393304,255456,21,6.256545911159551e-05,2.0238149845533913e-06
pop2,0x6ea71060,1,32bits,6393304,8292,21,6.256545911159551e-05,2.0238149845533913e-06
pop2,0x6ea71060,4,32bits,6393304,2028912,21,6.256545911159551e-05,2.0238149845533913e-06
pop2,0x6ea71060,1,32bits,6393304,4568,21,6.256545911159551e-05,2.0238149845533913e-06
pop2,0x6ea71060,4,32bits,6393304,2027376,21,6.256545911159551e-05,2.0238149845533913e-06
pop2,0x6ea71060,2,32bits,6393304,2005116,21,6.256545911159551e-05,2.0238149845533913e-06
pop2,0x6ea71060,3,32bits,6393304,253200,21,6.256545911159551e-05,2.0238149845533913e-06
pop2,0x6ea71060,4,32bits,6393304,2025812,21,6.256545911159551e-05,2.0238149845533913e-06
pop2,0x6ea71060,1,32bits,6393304,572,21,6.256545911159551e-05,2.0238149845533913e-06
pop2,0x6ea71060,3,32bits,6393304,252844,21,6.256545911159551e-05,2.0238149845533913e-06
pop2,0x6ea71060,2,32bits,6393304,2003368,21,6.256545911159551e-05,2.0238149845533913e-06
pop2,0x71792060,1,32bits,25573216,4280,4,1.787584546045586e-05,3.854885684863602e-07
pop2,0x71792060,1,32bits,25573216,2216,4,1.787584546045586e-05,3.854885684863602e-07
pop2,0x71792060,1,32bits,25573216,5880,4,1.787584546045586e-05,3.854885684863602e-07
pop2,0x71792060,1,32bits,25573216,5868,4,1.787584546045586e-05,3.854885684863602e-07
pop2,0x71792060,1,32bits,25573216,3676,4,1.787584546045586e-05,3.854885684863602e-07
pop2,0x21b25980,7,32bits,46400,32812,1668,0.008620689655172414,0.00016074873305881222
pop2,0x21b25980,7,32bits,46400,31328,1668,0.008620689655172414,0.00016074873305881222
pop2,0x21b25980,7,32bits,46400,33272,1668,0.008620689655172414,0.00016074873305881222
pop2,0x21b25980,7,32bits,46400,32664,1668,0.008620689655172414,0.00016074873305881222
pop2,0x21b25980,7,32bits,46400,30912,1668,0.008620689655172414,0.00016074873305881222
pop2,0x56982320,1,object,800000,351048,16,0.00012513091822319102,1.5419542739454409e-06
pop2,0x56982320,1,object,800000,350447,16,0.00012513091822319102,1.5419542739454409e-06
pop2,0x56982320,1,object,800000,351428,16,0.00012513091822319102,1.5419542739454409e-06
pop2,0x56982320,1,object,800000,350694,16,0.00012513091822319102,1.5419542739454409e-06
pop2,0x56982320,1,object,800000,350389,16,0.00012513091822319102,1.5419542739454409e-06
povray,0x4de99c0,1,64bits,12824,120,1653363,11.443034677102158,4.281096776599116
povray,0x4de99c0,1,64bits,12824,48,1653362,11.443027756036017,4.281094187272528
povray,0x4de99c0,1,64bits,12824,40,1653362,11.443027756036017,4.281094187272528
povray,0x4de99c0,1,64bits,12824,24,1653362,11.443027756036017,4.281094187272528
povray,0x4de99c0,1,64bits,12824,32,1653362,11.443027756036017,4.281094187272528
povray,0x504f120,1,64bits,4120,48,2129691,23.543855521901506,5.514465531920182
povray,0x504f120,1,64bits,4120,40,2129691,23.543855521901506,5.514465531920182
povray,0x504f120,1,64bits,4120,64,705484,7.799165873834824,1.826728479070991
povray,0x504f120,1,64bits,4120,56,705484,7.799165873834824,1.826728479070991
povray,0x504f120,1,64bits,4120,72,596287,6.591986808221513,1.5439817835695835
povray,0x4decc40,1,64bits,12824,120,720160,12.090715285614943,1.8647294360860982
povray,0x4decc40,1,64bits,12824,40,720159,12.090698496685697,1.8647268467595095
povray,0x4decc40,1,64bits,12824,24,720159,12.090698496685697,1.8647268467595095
povray,0x4decc40,1,64bits,12824,104,720159,12.090698496685697,1.8647268467595095
povray,0x4decc40,1,64bits,12824,32,720159,12.090698496685697,1.8647268467595095
povray,0x4de3f20,1,64bits,12824,120,128059,3.288735850505423,0.33158657361662636
povray,0x4de3f20,1,64bits,12824,48,128058,3.2887101690941165,0.3315839842900377
povray,0x4de3f20,1,64bits,12824,40,128058,3.2887101690941165,0.3315839842900377
povray,0x4de3f20,1,64bits,12824,24,128058,3.2887101690941165,0.3315839842900377
povray,0x4de3f20,1,64bits,12824,32,128058,3.2887101690941165,0.3315839842900377
povray,0x4e5cbe0,1,64bits,4120,48,666789,22.037220646850027,1.726534486722969
povray,0x4e5cbe0,1,64bits,4120,40,666789,22.037220646850027,1.726534486722969
povray,0x4e5cbe0,1,64bits,4120,72,174192,5.757004897975372,0.4510399771310676
povray,0x4e5cbe0,1,64bits,4120,80,174192,5.757004897975372,0.4510399771310676
povray,0x4e5cbe0,1,64bits,4120,56,157234,5.19654696041299,0.40713017684064867
povray,0x4defec0,1,32bits,5640,24,92388,18.39024632993282,0.23922270487269834
povray,0x4defec0,1,32bits,5640,32,68100,13.555610848469769,0.17633314068743514
povray,0x4defec0,1,32bits,5640,40,68100,13.555610848469769,0.17633314068743514
povray,0x4defec0,1,32bits,5640,848,34050,6.777805424234884,0.08816657034371757
povray,0x4defec0,1,32bits,5640,840,34050,6.777805424234884,0.08816657034371757
povray,0x4dbdb40,1,object,8192,0,180,0.04524557033298226,0.0004660787859579783
povray,0x4dbdb40,1,object,8192,8,119,0.029912349275693827,0.0003081298640499968
povray,0x4dbdb40,1,object,8192,16,117,0.02940962071643847,0.00030295121087268594
povray,0x4dbdb40,1,object,8192,24,111,0.027901435038672394,0.0002874152513407533
povray,0x4dbdb40,1,object,8192,4,109,0.027398706479417036,0.00028223659816344244
povray,0x4df47c0,1,32bits,5640,24,94971,39.89171343123089,0.24591093545119533
povray,0x4df47c0,1,32bits,5640,32,24288,10.201955710877382,0.06288956418526322
povray,0x4df47c0,1,32bits,5640,40,24288,10.201955710877382,0.06288956418526322
povray,0x4df47c0,1,32bits,5640,848,12144,5.100977855438691,0.03144478209263161
povray,0x4df47c0,1,32bits,5640,840,12144,5.100977855438691,0.03144478209263161
povray,0x4db9a80,1,object,8192,0,90,0.0392196167807667,0.00023303939297898916
povray,0x4db9a80,1,object,8192,8,60,0.0261464111871778,0.0001553595953193261
povray,0x4db9a80,1,object,8192,16,60,0.0261464111871778,0.0001553595953193261
povray,0x4db9a80,1,object,8192,18,59,0.025710637667391505,0.00015277026873067068
povray,0x4db9a80,1,object,8192,4,58,0.025274864147605207,0.00015018094214201523
povray,0x4db7a20,1,object,8192,0,78,0.05172791118715556,0.00020196747391512394
povray,0x4db7a20,1,object,8192,8,52,0.03448527412477038,0.00013464498261008264
povray,0x4db7a20,1,object,8192,16,50,0.033158917427663824,0.00012946632943277176
povray,0x4db7a20,1,object,8192,24,46,0.030506204033450716,0.00011910902307815001
povray,0x4db7a20,1,object,8192,4,45,0.02984302568489744,0.00011651969648949458
roms,0xf4c2060,1,64bits,49976640,11134512,17,2.1242469544546457e-05,9.4548985576926e-07
roms,0xf4c2060,1,64bits,49976640,11133248,17,2.1242469544546457e-05,9.4548985576926e-07
roms,0xf4c2060,1,64bits,49976640,11411640,17,2.1242469544546457e-05,9.4548985576926e-07
roms,0xf4c2060,1,64bits,49976640,11134632,17,2.1242469544546457e-05,9.4548985576926e-07
roms,0xf4c2060,1,64bits,49976640,10856944,17,2.1242469544546457e-05,9.4548985576926e-07
roms,0x1246c060,1,64bits,16658880,8969656,17,5.843309925721219e-05,9.4548985576926e-07
roms,0x1246c060,1,64bits,16658880,8691976,17,5.843309925721219e-05,9.4548985576926e-07
roms,0x1246c060,1,64bits,16658880,8969984,17,5.843309925721219e-05,9.4548985576926e-07
roms,0x1246c060,1,64bits,16658880,8969848,17,5.843309925721219e-05,9.4548985576926e-07
roms,0x1246c060,1,64bits,16658880,8690888,17,5.843309925721219e-05,9.4548985576926e-07
roms,0x13450060,1,64bits,16658880,9226176,17,5.92802746978188e-05,9.4548985576926e-07
roms,0x13450060,1,64bits,16658880,8950144,17,5.92802746978188e-05,9.4548985576926e-07
roms,0x13450060,1,64bits,16658880,9503376,17,5.92802746978188e-05,9.4548985576926e-07
roms,0x13450060,1,64bits,16658880,9502592,17,5.92802746978188e-05,9.4548985576926e-07
roms,0x13450060,1,64bits,16658880,9225680,17,5.92802746978188e-05,9.4548985576926e-07
roms,0xaf9d060,1,64bits,17214176,11524248,13,5.049576744477278e-05,7.230216544117871e-07
roms,0xaf9d060,1,64bits,17214176,11522712,13,5.049576744477278e-05,7.230216544117871e-07
roms,0xaf9d060,1,64bits,17214176,11800728,13,5.049576744477278e-05,7.230216544117871e-07
roms,0xaf9d060,1,64bits,17214176,11523264,13,5.049576744477278e-05,7.230216544117871e-07
roms,0xaf9d060,1,64bits,17214176,11522208,13,5.049576744477278e-05,7.230216544117871e-07
roms,0x14434060,1,64bits,8607088,3240000,25,9.778707841545819e-05,1.3904262584842058e-06
roms,0x14434060,1,64bits,8607088,3239584,25,9.778707841545819e-05,1.3904262584842058e-06
roms,0x14434060,1,64bits,8607088,3516032,25,9.778707841545819e-05,1.3904262584842058e-06
roms,0x14434060,1,64bits,8607088,3239992,25,9.778707841545819e-05,1.3904262584842058e-06
roms,0x14434060,1,64bits,8607088,3238240,25,9.778707841545819e-05,1.3904262584842058e-06
roms,0x96fc060,1,64bits,17214176,8174352,16,6.274792292609879e-05,8.898728054298917e-07
roms,0x96fc060,1,64bits,17214176,8204320,16,6.274792292609879e-05,8.898728054298917e-07
roms,0x96fc060,1,64bits,17214176,16781872,16,6.274792292609879e-05,8.898728054298917e-07
roms,0x96fc060,1,64bits,17214176,16781856,16,6.274792292609879e-05,8.898728054298917e-07
roms,0x96fc060,1,64bits,17214176,16799152,16,6.274792292609879e-05,8.898728054298917e-07
roms,0xd3ec060,1,64bits,17214176,2526112,13,5.915433329153094e-05,7.230216544117871e-07
roms,0xd3ec060,1,64bits,17214176,2802136,13,5.915433329153094e-05,7.230216544117871e-07
roms,0xd3ec060,1,64bits,17214176,3079400,13,5.915433329153094e-05,7.230216544117871e-07
roms,0xd3ec060,1,64bits,17214176,2804784,13,5.915433329153094e-05,7.230216544117871e-07
roms,0xd3ec060,1,64bits,17214176,2802040,13,5.915433329153094e-05,7.230216544117871e-07
roms,0xe457060,1,64bits,17214176,1047416,13,6.000004061541211e-05,7.230216544117871e-07
roms,0xe457060,1,64bits,17214176,8540136,13,6.000004061541211e-05,7.230216544117871e-07
roms,0xe457060,1,64bits,17214176,1601224,13,6.000004061541211e-05,7.230216544117871e-07
roms,0xe457060,1,64bits,17214176,1322048,13,6.000004061541211e-05,7.230216544117871e-07
roms,0xe457060,1,64bits,17214176,770384,13,6.000004061541211e-05,7.230216544117871e-07
roms,0x6eba060,1,64bits,8329440,4629832,18,9.785852918630633e-05,1.0011069061086283e-06
roms,0x6eba060,1,64bits,8329440,4587920,18,9.785852918630633e-05,1.0011069061086283e-06
roms,0x6eba060,1,64bits,8329440,4637600,18,9.785852918630633e-05,1.0011069061086283e-06
roms,0x6eba060,1,64bits,8329440,4596344,18,9.785852918630633e-05,1.0011069061086283e-06
roms,0x6eba060,1,64bits,8329440,4434744,18,9.785852918630633e-05,1.0011069061086283e-06
roms,0x76ac060,1,64bits,8329440,6306296,18,9.927759006959359e-05,1.0011069061086283e-06
roms,0x76ac060,1,64bits,8329440,6025944,18,9.927759006959359e-05,1.0011069061086283e-06
roms,0x76ac060,1,64bits,8329440,6582680,18,9.927759006959359e-05,1.0011069061086283e-06
roms,0x76ac060,1,64bits,8329440,6303848,18,9.927759006959359e-05,1.0011069061086283e-06
roms,0x76ac060,1,64bits,8329440,5750488,18,9.927759006959359e-05,1.0011069061086283e-06
